-- MySQL dump 10.13  Distrib 8.0.41, for Linux (x86_64)
--
-- Host: localhost    Database: fixie_db
-- ------------------------------------------------------
-- Server version	8.0.41-0ubuntu0.22.04.1

/*!40101 SET @OLD_CHARACTER_SET_CLIENT=@@CHARACTER_SET_CLIENT */;
/*!40101 SET @OLD_CHARACTER_SET_RESULTS=@@CHARACTER_SET_RESULTS */;
/*!40101 SET @OLD_COLLATION_CONNECTION=@@COLLATION_CONNECTION */;
/*!50503 SET NAMES utf8mb4 */;
/*!40103 SET @OLD_TIME_ZONE=@@TIME_ZONE */;
/*!40103 SET TIME_ZONE='+00:00' */;
/*!40014 SET @OLD_UNIQUE_CHECKS=@@UNIQUE_CHECKS, UNIQUE_CHECKS=0 */;
/*!40014 SET @OLD_FOREIGN_KEY_CHECKS=@@FOREIGN_KEY_CHECKS, FOREIGN_KEY_CHECKS=0 */;
/*!40101 SET @OLD_SQL_MODE=@@SQL_MODE, SQL_MODE='NO_AUTO_VALUE_ON_ZERO' */;
/*!40111 SET @OLD_SQL_NOTES=@@SQL_NOTES, SQL_NOTES=0 */;

--
-- Table structure for table `auth_group`
--

DROP TABLE IF EXISTS `auth_group`;
/*!40101 SET @saved_cs_client     = @@character_set_client */;
/*!50503 SET character_set_client = utf8mb4 */;
CREATE TABLE `auth_group` (
  `id` int NOT NULL AUTO_INCREMENT,
  `name` varchar(150) COLLATE utf8mb4_unicode_ci NOT NULL,
  PRIMARY KEY (`id`),
  UNIQUE KEY `name` (`name`)
) ENGINE=InnoDB DEFAULT CHARSET=utf8mb4 COLLATE=utf8mb4_unicode_ci;
/*!40101 SET character_set_client = @saved_cs_client */;

--
-- Dumping data for table `auth_group`
--

LOCK TABLES `auth_group` WRITE;
/*!40000 ALTER TABLE `auth_group` DISABLE KEYS */;
/*!40000 ALTER TABLE `auth_group` ENABLE KEYS */;
UNLOCK TABLES;

--
-- Table structure for table `auth_group_permissions`
--

DROP TABLE IF EXISTS `auth_group_permissions`;
/*!40101 SET @saved_cs_client     = @@character_set_client */;
/*!50503 SET character_set_client = utf8mb4 */;
CREATE TABLE `auth_group_permissions` (
  `id` bigint NOT NULL AUTO_INCREMENT,
  `group_id` int NOT NULL,
  `permission_id` int NOT NULL,
  PRIMARY KEY (`id`),
  UNIQUE KEY `auth_group_permissions_group_id_permission_id_0cd325b0_uniq` (`group_id`,`permission_id`),
  KEY `auth_group_permissio_permission_id_84c5c92e_fk_auth_perm` (`permission_id`),
  CONSTRAINT `auth_group_permissio_permission_id_84c5c92e_fk_auth_perm` FOREIGN KEY (`permission_id`) REFERENCES `auth_permission` (`id`),
  CONSTRAINT `auth_group_permissions_group_id_b120cbf9_fk_auth_group_id` FOREIGN KEY (`group_id`) REFERENCES `auth_group` (`id`)
) ENGINE=InnoDB DEFAULT CHARSET=utf8mb4 COLLATE=utf8mb4_unicode_ci;
/*!40101 SET character_set_client = @saved_cs_client */;

--
-- Dumping data for table `auth_group_permissions`
--

LOCK TABLES `auth_group_permissions` WRITE;
/*!40000 ALTER TABLE `auth_group_permissions` DISABLE KEYS */;
/*!40000 ALTER TABLE `auth_group_permissions` ENABLE KEYS */;
UNLOCK TABLES;

--
-- Table structure for table `auth_permission`
--

DROP TABLE IF EXISTS `auth_permission`;
/*!40101 SET @saved_cs_client     = @@character_set_client */;
/*!50503 SET character_set_client = utf8mb4 */;
CREATE TABLE `auth_permission` (
  `id` int NOT NULL AUTO_INCREMENT,
  `name` varchar(255) COLLATE utf8mb4_unicode_ci NOT NULL,
  `content_type_id` int NOT NULL,
  `codename` varchar(100) COLLATE utf8mb4_unicode_ci NOT NULL,
  PRIMARY KEY (`id`),
  UNIQUE KEY `auth_permission_content_type_id_codename_01ab375a_uniq` (`content_type_id`,`codename`),
  CONSTRAINT `auth_permission_content_type_id_2f476e4b_fk_django_co` FOREIGN KEY (`content_type_id`) REFERENCES `django_content_type` (`id`)
) ENGINE=InnoDB AUTO_INCREMENT=57 DEFAULT CHARSET=utf8mb4 COLLATE=utf8mb4_unicode_ci;
/*!40101 SET character_set_client = @saved_cs_client */;

--
-- Dumping data for table `auth_permission`
--

LOCK TABLES `auth_permission` WRITE;
/*!40000 ALTER TABLE `auth_permission` DISABLE KEYS */;
INSERT INTO `auth_permission` VALUES (1,'Can add permission',1,'add_permission'),(2,'Can change permission',1,'change_permission'),(3,'Can delete permission',1,'delete_permission'),(4,'Can view permission',1,'view_permission'),(5,'Can add group',2,'add_group'),(6,'Can change group',2,'change_group'),(7,'Can delete group',2,'delete_group'),(8,'Can view group',2,'view_group'),(9,'Can add content type',3,'add_contenttype'),(10,'Can change content type',3,'change_contenttype'),(11,'Can delete content type',3,'delete_contenttype'),(12,'Can view content type',3,'view_contenttype'),(13,'Can add session',4,'add_session'),(14,'Can change session',4,'change_session'),(15,'Can delete session',4,'delete_session'),(16,'Can view session',4,'view_session'),(17,'Can add custom user',5,'add_customuser'),(18,'Can change custom user',5,'change_customuser'),(19,'Can delete custom user',5,'delete_customuser'),(20,'Can view custom user',5,'view_customuser'),(21,'Can add log entry',6,'add_logentry'),(22,'Can change log entry',6,'change_logentry'),(23,'Can delete log entry',6,'delete_logentry'),(24,'Can view log entry',6,'view_logentry'),(25,'Can add log entry',1,'add_logentry'),(26,'Can change log entry',1,'change_logentry'),(27,'Can delete log entry',1,'delete_logentry'),(28,'Can view log entry',1,'view_logentry'),(29,'Can add permission',2,'add_permission'),(30,'Can change permission',2,'change_permission'),(31,'Can delete permission',2,'delete_permission'),(32,'Can view permission',2,'view_permission'),(33,'Can add group',3,'add_group'),(34,'Can change group',3,'change_group'),(35,'Can delete group',3,'delete_group'),(36,'Can view group',3,'view_group'),(37,'Can add content type',4,'add_contenttype'),(38,'Can change content type',4,'change_contenttype'),(39,'Can delete content type',4,'delete_contenttype'),(40,'Can view content type',4,'view_contenttype'),(41,'Can add session',5,'add_session'),(42,'Can change session',5,'change_session'),(43,'Can delete session',5,'delete_session'),(44,'Can view session',5,'view_session'),(45,'Can add custom user',6,'add_customuser'),(46,'Can change custom user',6,'change_customuser'),(47,'Can delete custom user',6,'delete_customuser'),(48,'Can view custom user',6,'view_customuser'),(49,'Can add blacklisted token',7,'add_blacklistedtoken'),(50,'Can change blacklisted token',7,'change_blacklistedtoken'),(51,'Can delete blacklisted token',7,'delete_blacklistedtoken'),(52,'Can view blacklisted token',7,'view_blacklistedtoken'),(53,'Can add outstanding token',8,'add_outstandingtoken'),(54,'Can change outstanding token',8,'change_outstandingtoken'),(55,'Can delete outstanding token',8,'delete_outstandingtoken'),(56,'Can view outstanding token',8,'view_outstandingtoken');
/*!40000 ALTER TABLE `auth_permission` ENABLE KEYS */;
UNLOCK TABLES;

--
-- Table structure for table `django_admin_log`
--

DROP TABLE IF EXISTS `django_admin_log`;
/*!40101 SET @saved_cs_client     = @@character_set_client */;
/*!50503 SET character_set_client = utf8mb4 */;
CREATE TABLE `django_admin_log` (
  `id` int NOT NULL AUTO_INCREMENT,
  `action_time` datetime(6) NOT NULL,
  `object_id` longtext COLLATE utf8mb4_unicode_ci,
  `object_repr` varchar(200) COLLATE utf8mb4_unicode_ci NOT NULL,
  `action_flag` smallint unsigned NOT NULL,
  `change_message` longtext COLLATE utf8mb4_unicode_ci NOT NULL,
  `content_type_id` int DEFAULT NULL,
  `user_id` bigint NOT NULL,
  PRIMARY KEY (`id`),
  KEY `django_admin_log_content_type_id_c4bce8eb_fk_django_co` (`content_type_id`),
  KEY `django_admin_log_user_id_c564eba6_fk_user_mana` (`user_id`),
  CONSTRAINT `django_admin_log_content_type_id_c4bce8eb_fk_django_co` FOREIGN KEY (`content_type_id`) REFERENCES `django_content_type` (`id`),
  CONSTRAINT `django_admin_log_user_id_c564eba6_fk_user_mana` FOREIGN KEY (`user_id`) REFERENCES `user_management_customuser` (`id`),
  CONSTRAINT `django_admin_log_chk_1` CHECK ((`action_flag` >= 0))
) ENGINE=InnoDB DEFAULT CHARSET=utf8mb4 COLLATE=utf8mb4_unicode_ci;
/*!40101 SET character_set_client = @saved_cs_client */;

--
-- Dumping data for table `django_admin_log`
--

LOCK TABLES `django_admin_log` WRITE;
/*!40000 ALTER TABLE `django_admin_log` DISABLE KEYS */;
/*!40000 ALTER TABLE `django_admin_log` ENABLE KEYS */;
UNLOCK TABLES;

--
-- Table structure for table `django_content_type`
--

DROP TABLE IF EXISTS `django_content_type`;
/*!40101 SET @saved_cs_client     = @@character_set_client */;
/*!50503 SET character_set_client = utf8mb4 */;
CREATE TABLE `django_content_type` (
  `id` int NOT NULL AUTO_INCREMENT,
  `app_label` varchar(100) COLLATE utf8mb4_unicode_ci NOT NULL,
  `model` varchar(100) COLLATE utf8mb4_unicode_ci NOT NULL,
  PRIMARY KEY (`id`),
  UNIQUE KEY `django_content_type_app_label_model_76bd3d3b_uniq` (`app_label`,`model`)
) ENGINE=InnoDB AUTO_INCREMENT=9 DEFAULT CHARSET=utf8mb4 COLLATE=utf8mb4_unicode_ci;
/*!40101 SET character_set_client = @saved_cs_client */;

--
-- Dumping data for table `django_content_type`
--

LOCK TABLES `django_content_type` WRITE;
/*!40000 ALTER TABLE `django_content_type` DISABLE KEYS */;
INSERT INTO `django_content_type` VALUES (1,'admin','logentry'),(3,'auth','group'),(2,'auth','permission'),(4,'contenttypes','contenttype'),(5,'sessions','session'),(7,'token_blacklist','blacklistedtoken'),(8,'token_blacklist','outstandingtoken'),(6,'user_management','customuser');
/*!40000 ALTER TABLE `django_content_type` ENABLE KEYS */;
UNLOCK TABLES;

--
-- Table structure for table `django_migrations`
--

DROP TABLE IF EXISTS `django_migrations`;
/*!40101 SET @saved_cs_client     = @@character_set_client */;
/*!50503 SET character_set_client = utf8mb4 */;
CREATE TABLE `django_migrations` (
  `id` bigint NOT NULL AUTO_INCREMENT,
  `app` varchar(255) COLLATE utf8mb4_unicode_ci NOT NULL,
  `name` varchar(255) COLLATE utf8mb4_unicode_ci NOT NULL,
  `applied` datetime(6) NOT NULL,
  PRIMARY KEY (`id`)
) ENGINE=InnoDB AUTO_INCREMENT=31 DEFAULT CHARSET=utf8mb4 COLLATE=utf8mb4_unicode_ci;
/*!40101 SET character_set_client = @saved_cs_client */;

--
-- Dumping data for table `django_migrations`
--

LOCK TABLES `django_migrations` WRITE;
/*!40000 ALTER TABLE `django_migrations` DISABLE KEYS */;
INSERT INTO `django_migrations` VALUES (1,'contenttypes','0001_initial','2025-03-05 20:13:50.043636'),(2,'contenttypes','0002_remove_content_type_name','2025-03-05 20:13:50.243049'),(3,'auth','0001_initial','2025-03-05 20:13:50.921774'),(4,'auth','0002_alter_permission_name_max_length','2025-03-05 20:13:51.053552'),(5,'auth','0003_alter_user_email_max_length','2025-03-05 20:13:51.062615'),(6,'auth','0004_alter_user_username_opts','2025-03-05 20:13:51.072233'),(7,'auth','0005_alter_user_last_login_null','2025-03-05 20:13:51.082130'),(8,'auth','0006_require_contenttypes_0002','2025-03-05 20:13:51.088521'),(9,'auth','0007_alter_validators_add_error_messages','2025-03-05 20:13:51.098236'),(10,'auth','0008_alter_user_username_max_length','2025-03-05 20:13:51.107189'),(11,'auth','0009_alter_user_last_name_max_length','2025-03-05 20:13:51.119072'),(12,'auth','0010_alter_group_name_max_length','2025-03-05 20:13:51.142395'),(13,'auth','0011_update_proxy_permissions','2025-03-05 20:13:51.152678'),(14,'auth','0012_alter_user_first_name_max_length','2025-03-05 20:13:51.165434'),(15,'user_management','0001_initial','2025-03-05 20:13:51.877125'),(16,'admin','0001_initial','2025-03-05 20:13:52.175525'),(17,'admin','0002_logentry_remove_auto_add','2025-03-05 20:13:52.186295'),(18,'admin','0003_logentry_add_action_flag_choices','2025-03-05 20:13:52.197975'),(19,'sessions','0001_initial','2025-03-05 20:13:52.275219'),(20,'token_blacklist','0001_initial','2025-03-05 22:16:56.503602'),(21,'token_blacklist','0002_outstandingtoken_jti_hex','2025-03-05 22:16:56.613485'),(22,'token_blacklist','0003_auto_20171017_2007','2025-03-05 22:16:56.627184'),(23,'token_blacklist','0004_auto_20171017_2013','2025-03-05 22:16:56.769926'),(24,'token_blacklist','0005_remove_outstandingtoken_jti','2025-03-05 22:16:56.881465'),(25,'token_blacklist','0006_auto_20171017_2113','2025-03-05 22:16:56.923607'),(26,'token_blacklist','0007_auto_20171017_2214','2025-03-05 22:16:57.426352'),(27,'token_blacklist','0008_migrate_to_bigautofield','2025-03-05 22:16:57.990936'),(28,'token_blacklist','0010_fix_migrate_to_bigautofield','2025-03-05 22:16:58.005682'),(29,'token_blacklist','0011_linearizes_history','2025-03-05 22:16:58.012194'),(30,'token_blacklist','0012_alter_outstandingtoken_user','2025-03-05 22:16:58.024845');
/*!40000 ALTER TABLE `django_migrations` ENABLE KEYS */;
UNLOCK TABLES;

--
-- Table structure for table `django_session`
--

DROP TABLE IF EXISTS `django_session`;
/*!40101 SET @saved_cs_client     = @@character_set_client */;
/*!50503 SET character_set_client = utf8mb4 */;
CREATE TABLE `django_session` (
  `session_key` varchar(40) COLLATE utf8mb4_unicode_ci NOT NULL,
  `session_data` longtext COLLATE utf8mb4_unicode_ci NOT NULL,
  `expire_date` datetime(6) NOT NULL,
  PRIMARY KEY (`session_key`),
  KEY `django_session_expire_date_a5c62663` (`expire_date`)
) ENGINE=InnoDB DEFAULT CHARSET=utf8mb4 COLLATE=utf8mb4_unicode_ci;
/*!40101 SET character_set_client = @saved_cs_client */;

--
-- Dumping data for table `django_session`
--

LOCK TABLES `django_session` WRITE;
/*!40000 ALTER TABLE `django_session` DISABLE KEYS */;
INSERT INTO `django_session` VALUES ('i2ffrgpxcyxm42917mhj5ukk03yvrdv1','.eJxVjEEOwiAQRe_C2hCYMoFx6d4zEBhAqgaS0q6Md9cmXej2v_f-S_iwrdVvIy9-TuIstDj9bjHwI7cdpHtoty65t3WZo9wVedAhrz3l5-Vw_w5qGPVbs0OaQlGJC1oiZgStQLHLhAZUmAw4KhoKktYREtkci0Fwk4WsEor3B9BRNxs:1txwcE:eZgFFhIDKzhNadmHFcmzNquUq2D9CaLCEXB6oNawV38','2025-04-10 23:26:26.438860');
/*!40000 ALTER TABLE `django_session` ENABLE KEYS */;
UNLOCK TABLES;

--
-- Table structure for table `token_blacklist_blacklistedtoken`
--

DROP TABLE IF EXISTS `token_blacklist_blacklistedtoken`;
/*!40101 SET @saved_cs_client     = @@character_set_client */;
/*!50503 SET character_set_client = utf8mb4 */;
CREATE TABLE `token_blacklist_blacklistedtoken` (
  `id` bigint NOT NULL AUTO_INCREMENT,
  `blacklisted_at` datetime(6) NOT NULL,
  `token_id` bigint NOT NULL,
  PRIMARY KEY (`id`),
  UNIQUE KEY `token_id` (`token_id`),
  CONSTRAINT `token_blacklist_blacklistedtoken_token_id_3cc7fe56_fk` FOREIGN KEY (`token_id`) REFERENCES `token_blacklist_outstandingtoken` (`id`)
) ENGINE=InnoDB AUTO_INCREMENT=71 DEFAULT CHARSET=utf8mb4 COLLATE=utf8mb4_unicode_ci;
/*!40101 SET character_set_client = @saved_cs_client */;

--
-- Dumping data for table `token_blacklist_blacklistedtoken`
--

LOCK TABLES `token_blacklist_blacklistedtoken` WRITE;
/*!40000 ALTER TABLE `token_blacklist_blacklistedtoken` DISABLE KEYS */;
INSERT INTO `token_blacklist_blacklistedtoken` VALUES (1,'2025-03-05 22:17:20.766185',1),(2,'2025-03-10 21:01:31.128226',10),(3,'2025-03-16 21:12:04.810414',15),(4,'2025-03-26 21:04:32.549787',17),(5,'2025-03-29 16:16:42.588981',23),(6,'2025-03-29 16:22:40.749166',25),(7,'2025-03-29 16:27:34.775044',27),(8,'2025-03-29 18:35:39.321958',29),(9,'2025-03-29 19:50:12.020353',31),(10,'2025-03-29 20:23:52.835933',33),(11,'2025-03-29 21:32:10.815649',35),(13,'2025-03-30 21:55:04.068050',40),(14,'2025-03-30 22:37:14.949496',42),(16,'2025-03-30 23:33:08.863529',46),(17,'2025-03-30 23:48:28.809942',47),(18,'2025-04-01 22:25:27.885988',49),(19,'2025-04-01 22:41:32.320337',50),(20,'2025-04-01 23:10:39.968162',53),(22,'2025-04-01 23:26:31.962221',56),(25,'2025-04-05 18:39:20.265191',60),(26,'2025-04-05 19:01:50.660080',62),(27,'2025-04-05 19:22:03.141015',64),(30,'2025-04-05 19:37:29.790958',70),(31,'2025-04-05 22:15:33.917079',73),(34,'2025-04-05 22:33:39.526987',76),(37,'2025-04-05 22:50:32.816441',79),(38,'2025-04-05 22:59:47.726731',80),(39,'2025-04-05 23:30:05.388682',85),(40,'2025-04-06 01:36:05.663802',86),(41,'2025-04-06 21:49:58.921338',88),(42,'2025-04-06 22:15:36.364680',92),(43,'2025-04-10 23:27:25.115077',95),(45,'2025-04-10 23:46:31.267284',97),(46,'2025-04-11 00:36:25.445876',103),(47,'2025-04-12 16:02:17.747336',118),(49,'2025-04-12 16:47:51.347912',122),(52,'2025-04-12 17:18:31.504148',127),(54,'2025-04-14 23:18:15.399429',132),(58,'2025-04-14 23:36:57.001100',135),(60,'2025-04-15 21:50:54.058092',139),(63,'2025-04-18 19:27:32.852628',150),(64,'2025-04-18 19:30:53.976647',151),(65,'2025-04-20 16:47:43.862755',153),(66,'2025-04-20 17:26:57.420522',156),(67,'2025-04-22 20:59:58.898230',159),(68,'2025-04-30 18:33:26.818875',163),(69,'2025-04-30 19:50:59.396428',165),(70,'2025-04-30 19:55:04.165610',166);
/*!40000 ALTER TABLE `token_blacklist_blacklistedtoken` ENABLE KEYS */;
UNLOCK TABLES;

--
-- Table structure for table `token_blacklist_outstandingtoken`
--

DROP TABLE IF EXISTS `token_blacklist_outstandingtoken`;
/*!40101 SET @saved_cs_client     = @@character_set_client */;
/*!50503 SET character_set_client = utf8mb4 */;
CREATE TABLE `token_blacklist_outstandingtoken` (
  `id` bigint NOT NULL AUTO_INCREMENT,
  `token` longtext COLLATE utf8mb4_unicode_ci NOT NULL,
  `created_at` datetime(6) DEFAULT NULL,
  `expires_at` datetime(6) NOT NULL,
  `user_id` bigint DEFAULT NULL,
  `jti` varchar(255) COLLATE utf8mb4_unicode_ci NOT NULL,
  PRIMARY KEY (`id`),
  UNIQUE KEY `token_blacklist_outstandingtoken_jti_hex_d9bdf6f7_uniq` (`jti`),
  KEY `token_blacklist_outs_user_id_83bc629a_fk_user_mana` (`user_id`),
  CONSTRAINT `token_blacklist_outs_user_id_83bc629a_fk_user_mana` FOREIGN KEY (`user_id`) REFERENCES `user_management_customuser` (`id`)
) ENGINE=InnoDB AUTO_INCREMENT=167 DEFAULT CHARSET=utf8mb4 COLLATE=utf8mb4_unicode_ci;
/*!40101 SET character_set_client = @saved_cs_client */;

--
-- Dumping data for table `token_blacklist_outstandingtoken`
--

LOCK TABLES `token_blacklist_outstandingtoken` WRITE;
/*!40000 ALTER TABLE `token_blacklist_outstandingtoken` DISABLE KEYS */;
INSERT INTO `token_blacklist_outstandingtoken` VALUES (1,'eyJ0eXAiOiJKV1QiLCJhbGciOiJIUzI1NiJ9.eyJ0b2tlbl90eXBlIjoicmVmcmVzaCIsImV4cCI6MTc0MTQ3MjIzOCwiaWF0IjoxNzQxMjEzMDM4LCJqdGkiOiI4OWM0ZGU2N2U1YjU0YzVlODVhNjVhNzA3MzUyNGMxMCIsInVzZXJfaWQiOjF9.O0GY82Asxb4KUmEYrq4bdRPUBitMt_EM6Vo1_hbvdsA','2025-03-05 22:17:18.050193','2025-03-08 22:17:18.000000',1,'89c4de67e5b54c5e85a65a7073524c10'),(2,'eyJ0eXAiOiJKV1QiLCJhbGciOiJIUzI1NiJ9.eyJ0b2tlbl90eXBlIjoicmVmcmVzaCIsImV4cCI6MTc0MTQ3MjI3NSwiaWF0IjoxNzQxMjEzMDc1LCJqdGkiOiIzNzk2MGIwMTllZTc0ZjM2OGVlZjY2ZWFkMjdkMzViYyIsInVzZXJfaWQiOjF9.VNTCIrrePBpbPtsKeHsSLVAyXArM_M4yJeDF8WnAw9U','2025-03-05 22:17:55.632233','2025-03-08 22:17:55.000000',1,'37960b019ee74f368eef66ead27d35bc'),(3,'eyJ0eXAiOiJKV1QiLCJhbGciOiJIUzI1NiJ9.eyJ0b2tlbl90eXBlIjoicmVmcmVzaCIsImV4cCI6MTc0MTQ3MjI3NiwiaWF0IjoxNzQxMjEzMDc2LCJqdGkiOiI3ZWUwY2NlZjhhYmY0YzAyOTc2ZWQ5YTczNWNlYjIzNSIsInVzZXJfaWQiOjF9.--hUMGjKojU-rn8oRQ9Y4PGLGj2QjACGxNyNob63jAA','2025-03-05 22:17:56.044231','2025-03-08 22:17:56.000000',1,'7ee0ccef8abf4c02976ed9a735ceb235'),(4,'eyJ0eXAiOiJKV1QiLCJhbGciOiJIUzI1NiJ9.eyJ0b2tlbl90eXBlIjoicmVmcmVzaCIsImV4cCI6MTc0MTQ3MjQ0MSwiaWF0IjoxNzQxMjEzMjQxLCJqdGkiOiI3YzUzMjBkYTFlNTk0MDg5YjcxYzAwZmZjNGEyZjg1ZiIsInVzZXJfaWQiOjN9.0oNrp9Sk9ebfUWmZDim5IZbcxBnzcN6H5QYkIObGPNE','2025-03-05 22:20:41.167655','2025-03-08 22:20:41.000000',3,'7c5320da1e594089b71c00ffc4a2f85f'),(5,'eyJ0eXAiOiJKV1QiLCJhbGciOiJIUzI1NiJ9.eyJ0b2tlbl90eXBlIjoicmVmcmVzaCIsImV4cCI6MTc0MTg5OTMyMCwiaWF0IjoxNzQxNjQwMTIwLCJqdGkiOiI4NzY2MzFmZTFlYTc0MGRmOTEzMjAxMDcxODMxNjIyNyIsInVzZXJfaWQiOjF9.JjwIc9PBl9gwtzf-7w_LMpUzfLmyxFXeutwQRrBs-Rk','2025-03-10 20:55:20.935316','2025-03-13 20:55:20.000000',1,'876631fe1ea740df9132010718316227'),(6,'eyJ0eXAiOiJKV1QiLCJhbGciOiJIUzI1NiJ9.eyJ0b2tlbl90eXBlIjoicmVmcmVzaCIsImV4cCI6MTc0MTg5OTM4MCwiaWF0IjoxNzQxNjQwMTgwLCJqdGkiOiIyNTdkZGVjNjk1MGQ0MTExYjAwNTRiYWRkYTMyNzM4ZSIsInVzZXJfaWQiOjF9.n0ifXNmaMt4euNz67oMx_GIgffQcVT5ZAWKszTi6D6A','2025-03-10 20:56:20.435050','2025-03-13 20:56:20.000000',1,'257ddec6950d4111b0054badda32738e'),(7,'eyJ0eXAiOiJKV1QiLCJhbGciOiJIUzI1NiJ9.eyJ0b2tlbl90eXBlIjoicmVmcmVzaCIsImV4cCI6MTc0MTg5OTQyNywiaWF0IjoxNzQxNjQwMjI3LCJqdGkiOiIzNGMzZjM2Y2JkNWE0NTZjOWEzMjZhODAzZjZkNGE1NSIsInVzZXJfaWQiOjF9.KiGm7j985G69YysIWU3PI1QqdcWrLkXPNtDoo0Dyr2o','2025-03-10 20:57:07.283230','2025-03-13 20:57:07.000000',1,'34c3f36cbd5a456c9a326a803f6d4a55'),(8,'eyJ0eXAiOiJKV1QiLCJhbGciOiJIUzI1NiJ9.eyJ0b2tlbl90eXBlIjoicmVmcmVzaCIsImV4cCI6MTc0MTg5OTQ2NCwiaWF0IjoxNzQxNjQwMjY0LCJqdGkiOiIxOGQ3ZDMzZDVmODA0MDg4YmMwNmE5YTJjYmYxMjQ5MyIsInVzZXJfaWQiOjF9.q3iw8aJ9wfLXNZmP65oZgzDZyJPjb7_JMHeb-1pFwa4','2025-03-10 20:57:44.606469','2025-03-13 20:57:44.000000',1,'18d7d33d5f804088bc06a9a2cbf12493'),(9,'eyJ0eXAiOiJKV1QiLCJhbGciOiJIUzI1NiJ9.eyJ0b2tlbl90eXBlIjoicmVmcmVzaCIsImV4cCI6MTc0MTg5OTU4NiwiaWF0IjoxNzQxNjQwMzg2LCJqdGkiOiIyMDlmYzRhODdmYzg0NWM4YjVkN2ZmMTIxMTk1OGNkNSIsInVzZXJfaWQiOjF9.yZE-akkG6SjGeFFErsA_u-qY0YrZlM92EcGoYCtxsjA','2025-03-10 20:59:46.167808','2025-03-13 20:59:46.000000',1,'209fc4a87fc845c8b5d7ff1211958cd5'),(10,'eyJ0eXAiOiJKV1QiLCJhbGciOiJIUzI1NiJ9.eyJ0b2tlbl90eXBlIjoicmVmcmVzaCIsImV4cCI6MTc0MTg5OTYyNCwiaWF0IjoxNzQxNjQwNDI0LCJqdGkiOiI5YjYzY2NmNWNiMDI0OTBiYjg3ZDM1MzMxNzYzMGRmMSIsInVzZXJfaWQiOjF9.xHXV_uGtQ0ZXn-VMMWENfk5eCNQpsgEEkYcM1lv_nPY','2025-03-10 21:00:24.691212','2025-03-13 21:00:24.000000',1,'9b63ccf5cb02490bb87d353317630df1'),(11,'eyJ0eXAiOiJKV1QiLCJhbGciOiJIUzI1NiJ9.eyJ0b2tlbl90eXBlIjoicmVmcmVzaCIsImV4cCI6MTc0MTg5OTcxNCwiaWF0IjoxNzQxNjQwNTE0LCJqdGkiOiIxNWRjM2QzMzZmYTk0MDE5ODhjZTg0YTlmYWQwMmZhNSIsInVzZXJfaWQiOjR9.y_Vf0JnmFw-UzWryGbpPAX-YajcrpcfDTdM-v3aLktg','2025-03-10 21:01:54.587793','2025-03-13 21:01:54.000000',4,'15dc3d336fa9401988ce84a9fad02fa5'),(12,'eyJ0eXAiOiJKV1QiLCJhbGciOiJIUzI1NiJ9.eyJ0b2tlbl90eXBlIjoicmVmcmVzaCIsImV4cCI6MTc0MTg5OTc1MCwiaWF0IjoxNzQxNjQwNTUwLCJqdGkiOiI5NTQxNjNlYmFlYTI0MjI0YTJkZWU1MzU4MjZiZWI4YSIsInVzZXJfaWQiOjV9.9loEplfz8vbiWynq2LkKekqfalQYLE5Vhc6W9rRf1Rw','2025-03-10 21:02:30.688423','2025-03-13 21:02:30.000000',5,'954163ebaea24224a2dee535826beb8a'),(13,'eyJ0eXAiOiJKV1QiLCJhbGciOiJIUzI1NiJ9.eyJ0b2tlbl90eXBlIjoicmVmcmVzaCIsImV4cCI6MTc0MTk4NTIwMCwiaWF0IjoxNzQxNzI2MDAwLCJqdGkiOiJkYWFlMmRkYTM2Y2Q0OWEzYmQwNzQzMjFjZTQ0NDcyNSIsInVzZXJfaWQiOjV9.iDaba6EOBcrObW85OeNdz_Rgzse8mr6lZBiSLcMLNCY','2025-03-11 20:46:40.417398','2025-03-14 20:46:40.000000',5,'daae2dda36cd49a3bd074321ce444725'),(14,'eyJ0eXAiOiJKV1QiLCJhbGciOiJIUzI1NiJ9.eyJ0b2tlbl90eXBlIjoicmVmcmVzaCIsImV4cCI6MTc0MTk4NTMwMywiaWF0IjoxNzQxNzI2MTAzLCJqdGkiOiI2MGQ1NTBiMzdjYTY0MjBmYWFhYTQ4YjdiZDA5YjgzNSIsInVzZXJfaWQiOjV9.UXAaJvfLYQ-ZUeVHG2-SLXbZ8Kfq2W6qvpt1PIm30_Y','2025-03-11 20:48:23.138861','2025-03-14 20:48:23.000000',5,'60d550b37ca6420faaaa48b7bd09b835'),(15,'eyJ0eXAiOiJKV1QiLCJhbGciOiJIUzI1NiJ9.eyJ0b2tlbl90eXBlIjoicmVmcmVzaCIsImV4cCI6MTc0MjQxNTI5MSwiaWF0IjoxNzQyMTU2MDkxLCJqdGkiOiI0ZGQ5Y2ZiMzIxNWE0ZGRhYWJlZWNmZjkxYjBjMThiNiIsInVzZXJfaWQiOjV9.R8V0NJAu1NBPhX4rIB7aKThA8s-qxR--ME8tc8fEWGw','2025-03-16 20:14:51.311314','2025-03-19 20:14:51.000000',5,'4dd9cfb3215a4ddaabeecff91b0c18b6'),(16,'eyJ0eXAiOiJKV1QiLCJhbGciOiJIUzI1NiJ9.eyJ0b2tlbl90eXBlIjoicmVmcmVzaCIsImV4cCI6MTc0MjQxODc1MywiaWF0IjoxNzQyMTU5NTUzLCJqdGkiOiJmNzZjMmEyNzg4OWQ0NTNlYTM5MzQ3OGUwNWRmNjlkNSIsInVzZXJfaWQiOjV9.5QvxeG0eiZYkvI3s65mDNcNvTRFvDbNbb6Wh5pVQpz4','2025-03-16 21:12:33.770203','2025-03-19 21:12:33.000000',5,'f76c2a27889d453ea393478e05df69d5'),(17,'eyJ0eXAiOiJKV1QiLCJhbGciOiJSUzI1NiJ9.eyJ0b2tlbl90eXBlIjoicmVmcmVzaCIsImV4cCI6MTc0MzI4MTk1MywiaWF0IjoxNzQzMDIyNzUzLCJqdGkiOiJjYmZiN2RhYzE0Mjc0NTE0YWM1MjE1MDRkZmI4YWE5MSIsInVzZXJfaWQiOjZ9.dKaPDEzmjuoxI_mhyLea97XdEP1xc7n5VSEvSj8oyAyJwHQMUNkchUkLXT5GvdYQrC1EH_VB3D5tDqwLRIVxgxR3vuQ310LrmaTltDsyLHy3KfBZ7i3bpuVqnbzdNNQBerZjsYqybXPhGmKGgo1luR5SXv2bJ7Thja7xOneUCrQNzMWQKNXyHX8-MIaGrYdHBvHVCR2dA_Sh40rtozxqRSVgab4F53sfwNGNCuUqjB4KKb_YXC1NBm0dkP81cPOl-tCfav7OE3_Aqgmi_KCZRPBnJJvhF8HbW-QHyk_PyORvRdG60e_Mh7CJ5S_bODBrqJay08rM1hQ0Ltcl8G-80g','2025-03-26 20:59:13.668774','2025-03-29 20:59:13.000000',6,'cbfb7dac14274514ac521504dfb8aa91'),(18,'eyJ0eXAiOiJKV1QiLCJhbGciOiJSUzI1NiJ9.eyJ0b2tlbl90eXBlIjoicmVmcmVzaCIsImV4cCI6MTc0MzM3Njc4OSwiaWF0IjoxNzQzMTE3NTg5LCJqdGkiOiIzNjRmZmYxNWI4MzE0MWIwYmNlM2RmYWNiY2ZiM2NmOSIsInVzZXJfaWQiOjZ9.ClHoAS4K2oGBWufSEYPcmBNLL5g83AK5FBlNm9jJxDRM5pVv6riQMeg3eQ9TZ9OQUwxqnm3B9ElEswIH-f4ImwT3rKi7mSysalBsVZ5tbQBTczBmn4UaHlxUO8TYQopOGWxGDQjuohsVIygWh__lN-bS0hZKmsIQ1D8U1jAAKU9hE_FIofHW_yVWYg2qX2lF4VbPzszJPIsL-IilRJirKDXlvgFMOiDDka76YcTx1TStUCuOGIa2417ay_Nxm7HbKJvbEv-NxXrpJVXeYguk5nlDl3nqQf4ugJ7YhflM5VRuRQvxwr_Vkbjt1Zu5qvYU757haE7nCgZ5l40xr_N5Kg','2025-03-27 23:19:49.285142','2025-03-30 23:19:49.000000',6,'364fff15b83141b0bce3dfacbcfb3cf9'),(19,'eyJ0eXAiOiJKV1QiLCJhbGciOiJSUzI1NiJ9.eyJ0b2tlbl90eXBlIjoicmVmcmVzaCIsImV4cCI6MTc0MzM3Nzc4OSwiaWF0IjoxNzQzMTE4NTg5LCJqdGkiOiJjOWZhNjMzZTc3OTQ0YzVjYWM0YzFmMmM5YmU0N2U4YSIsInVzZXJfaWQiOjZ9.g4q4geVl1ZnLwImUvV4m4l6RAMAjHBUipR2S3C9PN0OYx4VXpggDTKcxasYYj_RS1Bp1VG3vcpJg48efCi4YNz_d3ew6-5aVB_cpBQdab7PqGaosFLYA4nfW_IYdW3TEAWljwEgQplptu4Iz6hELfr7LnRKetScizc6P3f46-i_jHo1dAo_GhHz4GWrhOjE4-NQRA4haOll1FsZLUBo1TMzltEp-qaeU1vgOlPUNY3osUkHzzJKDMna4J8c75Iu5Fw3N33qRoV1Tav7NUBvuUX3TFdQqqkfCgNKp3yjBZtS54d64alUeUPrGgBp7kf5PrhJ1vCmtitcsKILsSfrh2g','2025-03-27 23:36:29.900125','2025-03-30 23:36:29.000000',6,'c9fa633e77944c5cac4c1f2c9be47e8a'),(20,'eyJ0eXAiOiJKV1QiLCJhbGciOiJSUzI1NiJ9.eyJ0b2tlbl90eXBlIjoicmVmcmVzaCIsImV4cCI6MTc0MzM3OTAxMiwiaWF0IjoxNzQzMTE5ODEyLCJqdGkiOiJmOGYyNWY2N2YwNjI0NWQ3OTMwOGY4MTMzZTM3YzZjMyIsInVzZXJfaWQiOjZ9.u2dFe97YcPn9SGqJBcJcGEV_gzTxfIotzy-6d7iSPDxAvaERk0AqD7wMmrGXCTi8WFtQlWjUnQz0BwUa-uVDkhOcJN-EZeiii_k9n-0VHz_0nuOfEGE8LvFr4dwp6tv9SW4vvq1BXunN76EA3BWJgRoF9Jn1Igg6cpevr9f0BZYI0hnLrI9BUvxZDDirbV3HAxBlsKlcj76xlCofwhEKKc2LyTlF4WBXGHp4XMXxyMTpwazy_YW5tzojnB-4v8COIvPNNC8T_u9UdCwgS_kiLXHMozx71KqINq0AH_r3yCg5OH4-zFkPuO_DauabU_66We8lPIEBfTIgl1Fjkkm5RA','2025-03-27 23:56:52.522090','2025-03-30 23:56:52.000000',6,'f8f25f67f06245d79308f8133e37c6c3'),(21,'eyJ0eXAiOiJKV1QiLCJhbGciOiJSUzI1NiJ9.eyJ0b2tlbl90eXBlIjoicmVmcmVzaCIsImV4cCI6MTc0MzUxOTY5MSwiaWF0IjoxNzQzMjYwNDkxLCJqdGkiOiI0ZTNkM2ZlZmE3Yjg0M2ExYTliMDExYWJiNmNiM2I4ZCIsInVzZXJfaWQiOjZ9.noARl91QuTulWNxph6imx0cOO12yrujQK9uzpiJjXkxLKAnXaNh0UH99zVYwRKhuJvLgVXVfUzXMrq__rOaB3oKeso2_m0OlTXROXUMHYSfvq3eIb6VWFUtStN8cBPe5XypXReiRXdv0D80OF1k8IqbTo8D5ZteA5QiCoWyt2UyMqBhwhXUzHPGl-xindhAANnI-OiBm9idSgcccPd-SKPdj0wuZLu-fCBJtSglYz1HkdHZClHOMczV0CMAD6PcjoO2aSGpAxu4pXxWRt9hlUl8ybZWUQyP6ntP31jALvvw-VSsYtpIK3rdW0p8XVbSaGooHhBhs54kBzms9sITLRA','2025-03-29 15:01:31.949826','2025-04-01 15:01:31.000000',6,'4e3d3fefa7b843a1a9b011abb6cb3b8d'),(22,'eyJ0eXAiOiJKV1QiLCJhbGciOiJSUzI1NiJ9.eyJ0b2tlbl90eXBlIjoicmVmcmVzaCIsImV4cCI6MTc0MzUyMjcyNSwiaWF0IjoxNzQzMjYzNTI1LCJqdGkiOiI5ZmYyYTkxYzZhNzM0MGM4YjcxNzcyYzEzM2NhOWFmZCIsInVzZXJfaWQiOjZ9.SRheVk9xyLk2auiXXK-2Ke8mtfyykxpqmfAR43USDHEn9xpn0tR18uD4gV_n7WjtA3RmW8GTA0uE3fI8CxQzLZl2rqvM8nmoTRVakDeC2lJsACCEzVobM6YdR9xXC2o2gRR1_nrhA0R3NaFnIJYRDbqyxZJWHGWv9OcXM3_O2bEq1dJbwP2LLP5WInSDr9GL3oLVYmCzeR3jEqBarC-Zp6CdbcXwGQ0TPNKOiYRcvHHHuWpXAEr4AAZknsCBnA6dziDot-PPNSk68XZ8YwNzvv5FKgXQ1Vu9T0iPJ0IUUzv0WpWanVGHhGRUQZkAbjdU6hzv98J_mM5KqCIf1tvufw','2025-03-29 15:52:05.943160','2025-04-01 15:52:05.000000',6,'9ff2a91c6a7340c8b71772c133ca9afd'),(23,'eyJ0eXAiOiJKV1QiLCJhbGciOiJSUzI1NiJ9.eyJ0b2tlbl90eXBlIjoicmVmcmVzaCIsImV4cCI6MTc0MzUyNDExMywiaWF0IjoxNzQzMjY0OTEzLCJqdGkiOiIwZTVkMzg3ZGYyZGY0Zjk0OTE1ZThhMzI0YTUyMTkyZiIsInVzZXJfaWQiOjZ9.RSn-pX6tovdEqF4MlQF6uoTptfDioq821qFt56nk05F4RzqEPzzLp0fY9TtDvJOma1L26ET-6orBTNoBjwAtcJ97vZBiAEo9-KWjM5OuJuvjn5QNLIOC9zc17mGSgnygpHvcMPZgFLjIyd1I1oPPms-LI1WWK_TSmD-d3lM-EqlvCdDY4ZfPsBS--6HRscl23k9L2W5KbIxMha_tJusqYZHotXT8RNVufBQbYmG4jRQganLYFbakHLeetXuMJSEsMDrTMT_-C-sBsGkz2BKvq-VHedbK4uLbnLZ-Vn6OYf6qtjQ7SqaKvZpFBGHKLg_0lq0t9cyZuMH7gn6QedhH_g','2025-03-29 16:15:13.404593','2025-04-01 16:15:13.000000',6,'0e5d387df2df4f94915e8a324a52192f'),(24,'eyJ0eXAiOiJKV1QiLCJhbGciOiJSUzI1NiJ9.eyJ0b2tlbl90eXBlIjoicmVmcmVzaCIsImV4cCI6MTc0MzUyNDI1MCwiaWF0IjoxNzQzMjY1MDUwLCJqdGkiOiIzOGZiMDg5ODBjOWM0ZGFhOTdmYzBmYTcwNTA1ZjQ4NyIsInVzZXJfaWQiOjZ9.XjD_iKtIkMny0s8B8UKC1n5B1m4u07f5rLISrqy-nP6mtCtJre2DKIXMqtdKe46MO7P35RmmFM8X0eHmer-LRrl8ydMTZZQMc_nxTviKmXqwdhl29jSpzjFEWveqZWSyBpPHm70_ZIS7PXrsN4GmW9SonowQS276a6xRnc0BaGFu3AVCP0-7-eCU-mksgZGEImcycnyzDYHc4k6MSVenNENjMSWTiMasbULsoEP9ptbJdOOSBk6xpxJiGnlwns2Yq54HSQnnkHxwxS5Vh14ld9FjDw9wcmSTeVNPgRkgu2-YQ2vqxCVdfIqnwjD7ZW98RshtW9ZznzUiHRZKzZhWUg','2025-03-29 16:17:30.551148','2025-04-01 16:17:30.000000',6,'38fb08980c9c4daa97fc0fa70505f487'),(25,'eyJ0eXAiOiJKV1QiLCJhbGciOiJSUzI1NiJ9.eyJ0b2tlbl90eXBlIjoicmVmcmVzaCIsImV4cCI6MTc0MzUyNDU1NiwiaWF0IjoxNzQzMjY1MzU2LCJqdGkiOiJlZjM0MjE1YzlmYmE0NjRmOWI0MGEyZTU1ZjgwMDI2NCIsInVzZXJfaWQiOjZ9.qDv0oqckeXWNeVyspYvI6Zm-1cZHFQEAMqCT7dzE31Ry-lx6OsRpBXbIX7XjLetgwBvG4HWGqpuIztfV9_p4ucN3CZR4P2rBIr8sHUeOl_uEi9hXmT1Jna3u1rPFEo9rxFajgdwfyeFmhUr0rQOs56SAluDnnJCpPduDCD3gh9BNVU_z3GaV17Itlp3lpDhjvMdDE41AbqTQmLKDYAFoCZeWT6ZhnHbAIZzE2wpHxysdAeRrpIJ1QMRqtD_jLKJa7ikLNsesnYoVEo3o2U_TlPgk8zpyvbTesGvykMRkXOvFongEfI686mtWLd2Q3p-iJk6gVtYFkiQkAdghmCZHww','2025-03-29 16:22:36.677585','2025-04-01 16:22:36.000000',6,'ef34215c9fba464f9b40a2e55f800264'),(26,'eyJ0eXAiOiJKV1QiLCJhbGciOiJSUzI1NiJ9.eyJ0b2tlbl90eXBlIjoicmVmcmVzaCIsImV4cCI6MTc0MzUyNDU2MCwiaWF0IjoxNzQzMjY1MzYwLCJqdGkiOiIzYTBkNjcyY2FlZWQ0MjMwOGNlZjYwMmY4MjY3NWYwNSIsInVzZXJfaWQiOjZ9.gvuc2fIeSeyoKm9hPcdn7O82amT_MF7cibkzLlv2xUgiDbKA8_jLEEfeieUGA_RPqBoljHGPHwkCh7J03BThEqrtBs9O-27E6Bu8sMoTbekmWMh_g0yWpxBze5KbfItBbZRiKgA2xzJ_BvWM7Ycc-Cq_StwG9drIXfd00_bcS3ICmoSFV3pBF3LKF3MEWHd4VsZyM5A1nEfEdeWdSiZW3VlNbhFV9igaOcO1Io5aE9RTNuK4zerqcFEeaQ505Cp1GjxssrUaVTSc0g2LWHmkkHqnGRoEIqrYll3vMzOILtCa-MfBLbAQt2iAJZa2Eolhb6B0bwEqTYKA4VfZ1HShEQ','2025-03-29 16:22:40.598634','2025-04-01 16:22:40.000000',6,'3a0d672caeed42308cef602f82675f05'),(27,'eyJ0eXAiOiJKV1QiLCJhbGciOiJSUzI1NiJ9.eyJ0b2tlbl90eXBlIjoicmVmcmVzaCIsImV4cCI6MTc0MzUyNDg0OSwiaWF0IjoxNzQzMjY1NjQ5LCJqdGkiOiIyZWMwYjg5YzZkYTQ0YTcyYmY0ZGE5MzMxNjcwYjFiZSIsInVzZXJfaWQiOjZ9.2l4Kx4TiyCu5PtpLRgp67lyO7an_EFv3TZms5tpIVLXjyYngkm9gdlboWIz5qpFVNOtzcs7bt7uIYQ8-28BLkg_IixLWfftK484ybRidjkCfLK23Unb5dSwR-jBQ8u0-DiCtB2DcGH-_ZBNCOhb1vfcvFouXE_jFb07S4f--vhiA8LYwYYQoKGzjF4Rbe-ywTxYeDM-VmUqTVy9CsI-UAaabGIHsbPLh9QrgReWqIMCAf7DbLLIUvW_gEvj4WMNWvLOdKNk_anqy3hBkyv2AkPumNdi9rq-wgveBl2ppJ2byV0UwY0mHdZmSVTAKzblc_3MSxJuUzWZ2Oju8pu6hFg','2025-03-29 16:27:29.531230','2025-04-01 16:27:29.000000',6,'2ec0b89c6da44a72bf4da9331670b1be'),(28,'eyJ0eXAiOiJKV1QiLCJhbGciOiJSUzI1NiJ9.eyJ0b2tlbl90eXBlIjoicmVmcmVzaCIsImV4cCI6MTc0MzUyNDg1NCwiaWF0IjoxNzQzMjY1NjU0LCJqdGkiOiIyNzY2ZWYxYmU0ZTc0Y2MxYmFhOTQ1NTQxZjIyNTY5NSIsInVzZXJfaWQiOjZ9.kgQHYgrIElaqJRnwyouR1EPpyd4dJ1gGjeZE8etD1gBjtGuwbrZmNbAVYkF6GFtTwYiTcyqmdE21ZBRWHO866pSczBx4ylvf3DdZKSIDINUEIEuxNsmG8_yhgHKihma2KWvJrGqHDbiWPOcK4y-eRK95CZDd99d4bN07B8co_xHtNPaLevulcZk1IvX7wy4XRrXQQSUMd6yYNeg06IyMS4uHdg9ntdTWEqBuvUHSB6hi5GetLs_nE8MhT-9aJrHuAbSInIqIFKbwgykNneFowjqJz2wX27fKUq556nn34h0tfUNaqCGYsQah6F_umexzXaL7P3PSDa2zuS2R3Y6J1A','2025-03-29 16:27:34.619311','2025-04-01 16:27:34.000000',6,'2766ef1be4e74cc1baa945541f225695'),(29,'eyJ0eXAiOiJKV1QiLCJhbGciOiJSUzI1NiJ9.eyJ0b2tlbl90eXBlIjoicmVmcmVzaCIsImV4cCI6MTc0MzUyNTQ0MywiaWF0IjoxNzQzMjY2MjQzLCJqdGkiOiJjNGNlNTA3ZjQ2MDg0YzVkYTc4MmFhNjE1YzM4YzZmMyIsInVzZXJfaWQiOjZ9.nvLprJ9VvcnH72f6IG8XpeAvrFpK-DXBXIre_KGh6VrCat4KrETR69jZqIdxttTA6BhtbVUxqmiJLMZ6-0npnmgw_icELIUqCShTUH9eA2GZx0EkDBMypm51ezecZzVoUnEdzTwRhBcVO6Kf4nTcVj-DqmrZrwfUmPHDmklPYrGRC78h-Lv2uTMVfnghOSqViKq7g8XvZRl2t40YHzBj5p7MGTCnWRSxQayHRoZAEbsm5yZy4o2b-sw_avM9nYbW431eL7aX8KpAo-mmcUW2NuwKohXd-PatJht18DOA-WHMGxj9Fh-n8zKlLhJ5ZW3gOdMPLa0I8S3WSVA6_MPlHw','2025-03-29 16:37:23.872457','2025-04-01 16:37:23.000000',6,'c4ce507f46084c5da782aa615c38c6f3'),(30,'eyJ0eXAiOiJKV1QiLCJhbGciOiJSUzI1NiJ9.eyJ0b2tlbl90eXBlIjoicmVmcmVzaCIsImV4cCI6MTc0MzUzMjUzOSwiaWF0IjoxNzQzMjczMzM5LCJqdGkiOiJlMzY2Njk0ZTk1Yjk0NDgyOWU0NzA1ZjM1MzM5YjBkMiIsInVzZXJfaWQiOjZ9.hd4sTmlzcyfal4gRMPYcJfFEqVLWpMMv94nsAhOBT-WmhT6NkrDDzpgS-wkqfdld2-6_IRRGLN1tcU_f6Hfxk7PAhNTxiFD7lkFPy0yWhiFq2YpyyEsLqX71LB5O4_x2l4For9y2AEfzvO95t0oeziecNR75QmYxCM07kIQvNusVujM0aUZSOD-ko5EJoH72enpyx-wbRz579TCDnHl4DvSpvvZRicrOneHZOdnMIs4uG1EOI45P6EMkzWtixZUdxIh2ojq3zqT1jAMuFHpe7ywLRh8L_ebC_FBg-oVjHV5qyvapl5dDC_HAqHQBby5c7W_2PpVcYpT1weJ5-a2aKA','2025-03-29 18:35:39.139666','2025-04-01 18:35:39.000000',6,'e366694e95b944829e4705f35339b0d2'),(31,'eyJ0eXAiOiJKV1QiLCJhbGciOiJSUzI1NiJ9.eyJ0b2tlbl90eXBlIjoicmVmcmVzaCIsImV4cCI6MTc0MzUzNTYxMSwiaWF0IjoxNzQzMjc2NDExLCJqdGkiOiJjMzZjZjJiMTA5MDI0ZDZjYWU5YmQ3NWFmNTliODRkMyIsInVzZXJfaWQiOjZ9.CEgQTEQLowWFWOI6AagtaTUcJo1L9FfE1V4I5imOVqWIz0SE0P_ltzcD1mZcBoN87W18mo67Oyjw3aNB45ghQ5LDfMA_nocXfQOe1r5IEB0u-yO-lQpjejsHxJlnc3ZXn7rtMFxiUOGzGcoSafXjge52bQR00NDMbqyRdnFuTlrJ3zxiQR-3KWOcg_a2Yh6i6Ny0TgNjujrHoyElRjzsouOdzJwhb7HcXBjYA3oAvT2QQa5MnWX5J-iwS-_ELt9CKil8EsDykt9BIl6BfQFn_d4Jkl8eyzCvAOOAj4yQfB6A-MFyaIvSEdxU0W30LoFnl2fRPhFuM6XervmqLItAWw','2025-03-29 19:26:51.175663','2025-04-01 19:26:51.000000',6,'c36cf2b109024d6cae9bd75af59b84d3'),(32,'eyJ0eXAiOiJKV1QiLCJhbGciOiJSUzI1NiJ9.eyJ0b2tlbl90eXBlIjoicmVmcmVzaCIsImV4cCI6MTc0MzUzNzAxMSwiaWF0IjoxNzQzMjc3ODExLCJqdGkiOiJmYjZkYzE4YzQ2ZTE0MmVkYTk1YTM0NmNhZWI1Y2MxMiIsInVzZXJfaWQiOjZ9.QhPDLVymGHK2alCBClqr1N0MyK1ps-ro3x8HCdcu_GMjCutdoPT5iRPJAbT03oQ94h6HbF6rW34QNs8bPjObLbP1XUGENrL2Q61Ndtj7XBenpJ-re2jFMQ3RCWxxzBRMV9JWMEWtdmv5KPMGNB1A-S1NeFBKxRH2pCs6QXAcw7Qnr8-vsxAWTL2chl1RdAxb9F25hjB35NGdzomkxyAIN5uGWFlSsc1TlrDjXZGjOmwnOBE9fHEjjq3LucoajGYj_243rf8WczHIi51mAIeqs04NhJrIuC1n_SIbr4STsgUhGadt-7zE1_wp-NHwVjb0eiwnxI6c12QZh_Zs15_Pqw','2025-03-29 19:50:11.881466','2025-04-01 19:50:11.000000',6,'fb6dc18c46e142eda95a346caeb5cc12'),(33,'eyJ0eXAiOiJKV1QiLCJhbGciOiJSUzI1NiJ9.eyJ0b2tlbl90eXBlIjoicmVmcmVzaCIsImV4cCI6MTc0MzUzNzU2NiwiaWF0IjoxNzQzMjc4MzY2LCJqdGkiOiI2ZjIzZGVhNWIzYzI0NzRlYjVjNzMxOTRiOGI1OWJlNiIsInVzZXJfaWQiOjZ9.FZiJa_l1d9UGmZPzDYHHkZXoUX_-zFa8MqRsQCaLyNKT-fUvPuny5mO4Ss7Q_YkWFEGbnW4BJGPKsD26isMIxBz2wTaXchcQbrFULzTJiJ2UpAVNmazjZQjh1OrN45zeNvZVsbuWz864Q5BoovvnOqiROa6v6UwxM_53r9NITQlUm8QhKMBFI1eHYUsZMCiH2055cBggekQf25g5goQ5rHKUKupoxPs5M_w4zpyU1c7NEeERSxxvcriOT916f7bCaSHefXQwP09i48pCxburjYJy21QduzPJsu556wzFrKab2nHJp69JZBIergiXvGB_gRRx74BniRVdqxejwSTp4g','2025-03-29 19:59:26.835614','2025-04-01 19:59:26.000000',6,'6f23dea5b3c2474eb5c73194b8b59be6'),(34,'eyJ0eXAiOiJKV1QiLCJhbGciOiJSUzI1NiJ9.eyJ0b2tlbl90eXBlIjoicmVmcmVzaCIsImV4cCI6MTc0MzUzOTAzMiwiaWF0IjoxNzQzMjc5ODMyLCJqdGkiOiJmNmIxZjIyMTc3NTk0NzliYjE0YmU1NWZhN2Y4MWRjNSIsInVzZXJfaWQiOjZ9.TIGPv0VI1va5m5qr08AGVP3sJU1vRcIJtpYCnEkyh5nQO0Bgmydo72BqfYz-Jj4DUXvHNz8Ww58AsJcatQI5YucmWTn6axd1EX651HlnmYJrPeuUhdpKMUdqXimEPAxh2m4h5OJECZQ9o0n4H24mYIRnhwgFh_otkHq-Kd7d_IwXACnqBWYN1hO3PMc6VGUtTNqsTWuO_VvizdmoZdxY7dHP2FUwfNs0HpwsJooCl3SeSlXn9oA40J8RWE6WWCGVbuH_0F0Cm2jZ4R0UfBPif_Nyv2AL10_q6gndrLT9dwHzEZbIJWjMnDBHHpBF99jKBurh92jxJIrjIhAetKm2Pw','2025-03-29 20:23:52.702981','2025-04-01 20:23:52.000000',6,'f6b1f2217759479bb14be55fa7f81dc5'),(35,'eyJ0eXAiOiJKV1QiLCJhbGciOiJSUzI1NiJ9.eyJ0b2tlbl90eXBlIjoicmVmcmVzaCIsImV4cCI6MTc0MzU0MTQ4NywiaWF0IjoxNzQzMjgyMjg3LCJqdGkiOiJiYTdhZmNkYzc3ODc0YzYxYjA5ZDEyNjYzZDgzOTkwYSIsInVzZXJfaWQiOjZ9.sOxSUFobIY3NeOqVEdc2_l9HUxcQY6PGhSi8kaNwapkQRo1woBA9eSphpOkI8DpMh82WSF3XnKsrSXJhAC9k2hMFlDwBHsTHeYaKQw74JAEunscODbzE_qiJLfR6B6brms0PVw4zaJUcnv2GIb9PTUVCwIVJ2Th2Pp4r5EYwEW1zyVDf7njH7UHWcwwhouFbqsXoB7LkaETjd-8iz4Kx836reHowkXzkh5I8uYvYDfGovI2Dbls-nI6JX9dwvQNTMNW3_X-xKuga69os402C1DzIJ_AyzZTaXSnKF7zeHVlJwXhXnwb98DR0Ns1l1U05l6LguAUoZXw2KQ8qq0t-lA','2025-03-29 21:04:47.201491','2025-04-01 21:04:47.000000',6,'ba7afcdc77874c61b09d12663d83990a'),(36,'eyJ0eXAiOiJKV1QiLCJhbGciOiJSUzI1NiJ9.eyJ0b2tlbl90eXBlIjoicmVmcmVzaCIsImV4cCI6MTc0MzU0MzEzMCwiaWF0IjoxNzQzMjgzOTMwLCJqdGkiOiIxMjY3NzU2YzRiODY0MGZlYTljMjA0Njg5ZGYxNTBmNiIsInVzZXJfaWQiOjZ9.gATK5TGdfwQuE6nQQ8oicxc8t8C2Fpw-R9Sipz6czPCTSEM8aLUPxbF1pq__owCr8BuEsfJW-27YlyqwovYCL3S2J1qcMlKZaeGaxbU980c3eMzg4r9gwkhaTkH-ZBbvz0FS-cxwXuRBhTf-m6soV4jua-EBnweFuQx6uUUu0rckzgYWFcYqKOR6JGZ697fcjD9BoZKcTQF0sw_TyyM-JHhCXira55-XZUPRqGLFlFJMYtym99Z-f478J44OKqP60chRB63cvx9kkLsUMyaWG4mqYA6Y3hqOkQQsinehetlPbw6Q3204loKWTaypXC3gM1kuqMgCVIXJLw5FIzFGmA','2025-03-29 21:32:10.651892','2025-04-01 21:32:10.000000',6,'1267756c4b8640fea9c204689df150f6'),(37,'eyJ0eXAiOiJKV1QiLCJhbGciOiJSUzI1NiJ9.eyJ0b2tlbl90eXBlIjoicmVmcmVzaCIsImV4cCI6MTc0MzU0MzEzMCwiaWF0IjoxNzQzMjgzOTMwLCJqdGkiOiI5YmIzOTkwYWZkZmE0OGY3OWRkZjM5YzliY2QzMWRmZiIsInVzZXJfaWQiOjZ9.uAJB0tVQFFHFQIbYMKCbdALVEPbqzSJLft0WsEY2KfXecLPhRplyixZThOL9jmCKJi14LeQhOLFvpac4TOxWw21Ni0Tt9UQf7YytrIXjXuoVYA7sE_BJFsMbteNyo_GMmmPO7hzoBilEupq5mLTGSfdkgT7nQNIaeR2h18eyC4KLSBQ5COdfKM1SGjUqeMUAHCrTfy9IznfBUO0oqhaMdjP7z5gWKn5AWKPRox2aSHWu-i5vRFL0Nul1_3CNF6eqRr-4Cuux69aVP3Yrea2AJWydkBFAp8WBPOj2skTWSaTwwE3C-8GUt5Z2DtXODRMLsmSnmg1d6z2v90EoC25mzw','2025-03-29 21:32:10.670187','2025-04-01 21:32:10.000000',6,'9bb3990afdfa48f79ddf39c9bcd31dff'),(38,'eyJ0eXAiOiJKV1QiLCJhbGciOiJSUzI1NiJ9.eyJ0b2tlbl90eXBlIjoicmVmcmVzaCIsImV4cCI6MTc0MzU0MzQ0MSwiaWF0IjoxNzQzMjg0MjQxLCJqdGkiOiJiNjAzMThjMzYzZjg0NGMyODNhZTg2ZmYxNmQ3NGQxNCIsInVzZXJfaWQiOjZ9.BqgG0z4_nBMWZ3bAHwqFuUA7KtdQKQC_euc6KvdJ6qBLkDAuMEoY-Gyr4mC6BBWCpNHwnEOCCmbmmfPxd8QBwh-y_6oIl2o57eG7aov-IHM8wpA1GXjmOMys47bi1hjC5zYtGK7Zeh7UF9Jp7SFPNvIkAKL33PEW5mTUJ9dFLWJvregjQnPCTU1WpDGjUyUOXFe-4efAy2ICcrjppNt8ElMVXcpA6ahnuP-iQgUFQs4ciIE_-BdxeKyQE5XNL-xy_eFAIQaur_oyV1oaxpaeBKe943-npmbUjYO5Zc_cBqUyKT-zRKlK0X4I9RYveXCHSlfwGY5pn3mSsM_HImR6-A','2025-03-29 21:37:21.352085','2025-04-01 21:37:21.000000',6,'b60318c363f844c283ae86ff16d74d14'),(39,'eyJ0eXAiOiJKV1QiLCJhbGciOiJSUzI1NiJ9.eyJ0b2tlbl90eXBlIjoicmVmcmVzaCIsImV4cCI6MTc0MzU0MzY2NCwiaWF0IjoxNzQzMjg0NDY0LCJqdGkiOiJmZTE4NGQ3N2Y0ODg0ZDVlYmU4YTYwNmQ4OTEzZjMyMSIsInVzZXJfaWQiOjZ9.Gw1wlfSJkLW7QJHlxqkS5buqrcBOj8veE51fJpSNRX0LTzq7EblAhNLPFwYRzocwXuTJkE6kqTQ2RU7BdGRgwqIW1pTYui1Gdk9ArNbhD8MH3bFrNoQqsSVO8FDmqUB9To7ElAO7fyloFX8B7agQ-1v_dM7bCxS97SavusI6CwzHCecAcuZRKzpbBOhvgJv6nybFaTFpahMQY79xPMtsziBCzn5QQYaB5ZSIePgk4QGPQ7EuGvqRKA02CEx-a4-RweYWP_de990CYFPFeoJX4l2MzDJvm5Q3Co6P6xedHM985fPf_SDn9Rdqd1cHtaV0wukYsSTLw8OY0i9B3DwKyg','2025-03-29 21:41:04.549283','2025-04-01 21:41:04.000000',6,'fe184d77f4884d5ebe8a606d8913f321'),(40,'eyJ0eXAiOiJKV1QiLCJhbGciOiJSUzI1NiJ9.eyJ0b2tlbl90eXBlIjoicmVmcmVzaCIsImV4cCI6MTc0MzYyOTcxNywiaWF0IjoxNzQzMzcwNTE3LCJqdGkiOiJjZDRhOWUyNTY5MWU0NGEyODE1YjkwMWVjNmU1NjI3NiIsInVzZXJfaWQiOjZ9.c0aWgO2J6D0rDJMvh5onH6aozo8vxaxWFgInkecZufUF11Pb4KI-6HwSrUQDgrF3Eo5n8IirAmxklhilcgOJNLrbGCU1z5k-qbiQVyqYrg54cQyJG35uw9qB1CpOpPjf5wzUxwZRzsftDq9M505j4DfIQJTB9f67ws1b8wC6UD9XgrKAEiqeMvY7hMxYlndCp-3QdhL7PUdAn-U3DqanWlaXPOyh13exxqeY-FQvJr7Nsgp8OHdLEifsD7kcK7pS8KIYGeFj6GKuE8LzdL-MmTrTtknets4RJrcFaG5t2uHL27ACz2YKLqHc8DQURptX8WaEVKCwNpugr6lYZzGTBA','2025-03-30 21:35:17.147121','2025-04-02 21:35:17.000000',6,'cd4a9e25691e44a2815b901ec6e56276'),(41,'eyJ0eXAiOiJKV1QiLCJhbGciOiJSUzI1NiJ9.eyJ0b2tlbl90eXBlIjoicmVmcmVzaCIsImV4cCI6MTc0MzYzMDkwMywiaWF0IjoxNzQzMzcxNzAzLCJqdGkiOiI2NTZlMTFkMzc1YTI0YzE0OWU2MmE4ZGQ3ZDc4OWU1ZCIsInVzZXJfaWQiOjZ9.IT-qkqDk2T3q74XLBMwj7TKIJvqMG89iNi8Burm0djmMISGeE0nuSuKrj7Y3NkSnfGLVyMUZipoOB4-4r7ZLiQpluaj86AV1G0iNJSS_6cSMXJnZnOZkl0HtZDDqtZ2wu9MYTkQDuHVf6EUjlxjGB98a-2Os96Z2SH5KAzpyHmT8bJpNr3sdvbpV7Lxkkeot0zARTPlH6R48b0iT9ZfTy9pAGqc-ax7CLu7_8_6ZbQl3U66e5Ny22YlkXDabVQuS2mvEYvH5eD8qMjdiYYMTUbPBAqTynNqLfRIZHXX9GjIKOP9OxVdgybWnO0SfeFHzbdNIYhp5l3CBX2mLULE3bQ','2025-03-30 21:55:03.895183','2025-04-02 21:55:03.000000',6,'656e11d375a24c149e62a8dd7d789e5d'),(42,'eyJ0eXAiOiJKV1QiLCJhbGciOiJSUzI1NiJ9.eyJ0b2tlbl90eXBlIjoicmVmcmVzaCIsImV4cCI6MTc0MzYzMjA5NCwiaWF0IjoxNzQzMzcyODk0LCJqdGkiOiI1MDg2ZDRkNmM0YzQ0Y2FlOTE4M2FjYmEyNzNiNzc0OSIsInVzZXJfaWQiOjZ9.VSD1S199AqTj4aCEf4HUDat504OjOV7CXGd6KJpC2Qm8sujCbhE4EpSSmNaQPH0AcXxYEG1cDsCajiMMagEDnxTwU1E_AA-564BvuWoOtJg76-0zRZF-IR8eLNXygq_bKKnx-zmgu35ekJ566FHdJn_jliSM3xSZYkFZocIp6dEq7VfYuJDjRIttX-L1iuaU9oc0uCq1IArA8z2Kxed06LDckffk-F0yGsASgrpq9YfnL42sZUpNYQQr7S3anFoWz369RBwIipztHpOEswGOlKXrlTzYSZdfUQRXDBARHYadY8J0K7E0q38DSciL5GXLm4BenLP3efZ8JH9ZoB-rww','2025-03-30 22:14:54.821829','2025-04-02 22:14:54.000000',6,'5086d4d6c4c44cae9183acba273b7749'),(43,'eyJ0eXAiOiJKV1QiLCJhbGciOiJSUzI1NiJ9.eyJ0b2tlbl90eXBlIjoicmVmcmVzaCIsImV4cCI6MTc0MzYzMzQzNCwiaWF0IjoxNzQzMzc0MjM0LCJqdGkiOiI4Nzc1NGU4MDE2ODI0MTdlODM1OTYwYmQ4MmM1MGM0NCIsInVzZXJfaWQiOjZ9.EvJXQIylrNLfCgGVUkeWrh8-RlyTLohRtMfRJLwl7BTuaitvttkWAKE29YPCvyMSIAK1_f_hnVzPUlP5JOL8n5fs0yWjjWljIuMjWsaZJAw2qfHN9kB6zDNPKpPBoZ9n880FomLtJVFog03QijIXX2vbLUBgi1QeorICW23_ywF-3STTjkRt1Yosh_WGhwtsUBziCiOb9dh0FkxQMaGsEigyAAd3WYxkGnVwJwmGQBZvbXEKRoqzn-JMakcB3bFincxCQ7tuB_npHjcEpt6K3Bdk6PoPEJcuVwCX6EPWPC9KPDIUri8eTZxChF2cmMzL8ZO20PVQuzahFZ7z-bWOzg','2025-03-30 22:37:14.785242','2025-04-02 22:37:14.000000',6,'87754e801682417e835960bd82c50c44'),(44,'eyJ0eXAiOiJKV1QiLCJhbGciOiJSUzI1NiJ9.eyJ0b2tlbl90eXBlIjoicmVmcmVzaCIsImV4cCI6MTc0MzYzMzQzNCwiaWF0IjoxNzQzMzc0MjM0LCJqdGkiOiJkNmJjODRhNjA1YTU0MjkxYmFlYzk5ZGE4MzUyNWI5MiIsInVzZXJfaWQiOjZ9.gV39y3ikyhxebpsldQ9SK8hTHPRcF22rkRjt55ZAbzpOViI2KW0b50InfNQxUkXGUeXOTnCiMf0eGzEsrmTHldd48jKfkGcmvfN209gST-jM_nqdOF7qO6o1TeKCx2edweSq8327p2zzNinPXxURzn5WfxAROWyckFnVZP3VVDXqks0qM9Q7eriDLOOdlbyAXTSNNCvLhALmCQn_7m5AYw1wQXF3xqdn7RopDX_GaTCLPR5vSEzAw3VglaF6g4dPWOJLzk5gC6ZrWq17dcViiO5Kpae-c8YRfRtM1KlN-6OwFK8j614l-XfKhekLCeh16Tr5IwAePndJB-em3YILLg','2025-03-30 22:37:14.797120','2025-04-02 22:37:14.000000',6,'d6bc84a605a54291baec99da83525b92'),(45,'eyJ0eXAiOiJKV1QiLCJhbGciOiJSUzI1NiJ9.eyJ0b2tlbl90eXBlIjoicmVmcmVzaCIsImV4cCI6MTc0MzYzNDkyNSwiaWF0IjoxNzQzMzc1NzI1LCJqdGkiOiI0NjVhMzhiY2VhNzM0YTIyYWQ4ZTc2Yjg0ZTkzNjQ1MiIsInVzZXJfaWQiOjZ9.210Y5IUKj0LUxf3_oedATqwBanahCKnNUnM977R9ON2FqZw4ztktC2O-6jlK9549SNtB73Hz2F8lO_yWZqC3SSPST8yYxQmblX53kU71-K5NTX_zaBEovorU25EnP6EsvAmM40-v9uqOcRL4ZCDJBNUHtJslAkcA2r5jw-3RZFkyBLtfAsrEdGiaejIsAbmaX1a4taAgBQnhNKeNNc8ko5jV0yK0QPELX9ZdXlE98uRG7LmOR8dDzd3mceePJDuZGLkC0Ssv-WYL6AjFG-YTv-wME1YiQ9_pHUEBOItXcXzXNaAByLZ9CFd9jULZTeHm8NdG2lXQfn3-sumbblVdDA','2025-03-30 23:02:05.797925','2025-04-02 23:02:05.000000',6,'465a38bcea734a22ad8e76b84e936452'),(46,'eyJ0eXAiOiJKV1QiLCJhbGciOiJSUzI1NiJ9.eyJ0b2tlbl90eXBlIjoicmVmcmVzaCIsImV4cCI6MTc0MzYzNTExOCwiaWF0IjoxNzQzMzc1OTE4LCJqdGkiOiI1OGZhYjg2ZTZkM2E0ZmY5YjllNTI4ZTVjNWRiZjBjYyIsInVzZXJfaWQiOjZ9.ZkXFvXKS9UsFtlEnYc-HFwz0XvfUGvdwPbefOJelFxQOzc4eWJPrk4Ep3zukZ0aElz33Wvw4w6OoewwBQS-D206Nr-u-QUY7vNEr92SaBg1UA5IFgFaU5v_NoPzf2J87-pSqZ8Y8lVkvNKmjcdgEs7UCi_by7jJ2COqP4mGwAIaglWFpHIlLenAdr-oNjU10zv11twvql3nEYI74lXGvZVoWIcaaL-s3a0e9AF9Qx23FHa6NPYVCqHA2KM-Dt9Ah9JHkG_2UpPHr6ULJMWcd1S6h5zu7HfL78bf1BBGB-GmT9rXJhwfbAk4N1T4GEbtcytPa62qhDznEOzjZSFK5nw','2025-03-30 23:05:18.530505','2025-04-02 23:05:18.000000',6,'58fab86e6d3a4ff9b9e528e5c5dbf0cc'),(47,'eyJ0eXAiOiJKV1QiLCJhbGciOiJSUzI1NiJ9.eyJ0b2tlbl90eXBlIjoicmVmcmVzaCIsImV4cCI6MTc0MzYzNjc4OCwiaWF0IjoxNzQzMzc3NTg4LCJqdGkiOiJkZWIxN2M3ZDY1ZTI0ZWY1ODZhODlkYWEyNDAxNzA3MSIsInVzZXJfaWQiOjZ9.g5R8UWsm9TJSHKTFIZ-otAkdDSzVrxWad3-8VYzMWdPYv6ulI49r8ZT8xQ6Dvok-Ppf5D7pmp3tNIahtR3QJa-KtM93lTMZtQkrEZQjFk90Vj2_w9AbEaLcPiJu-nZ0uCn9LP2x4itAfzWcvC66r2jkxVbB2obnVfae92rx4nU-PKeZyLvk8qQq-RHjQ4UZ7NYr9f7ZBv6Tz_bxoCYjHve5avIGuoSDtiCk__yh9-4c9nI-64T6HsvcsYhvUfqrKUbHrEP_ldjXcOAftgt8lM8vIBhzJpqZFsYOVU1Q3lcLJR7iBUhwlHiqkETUmsR6oFKCqQ1PaDEketx9uTNMmzw','2025-03-30 23:33:08.737171','2025-04-02 23:33:08.000000',6,'deb17c7d65e24ef586a89daa24017071'),(48,'eyJ0eXAiOiJKV1QiLCJhbGciOiJSUzI1NiJ9.eyJ0b2tlbl90eXBlIjoicmVmcmVzaCIsImV4cCI6MTc0MzYzNzcwOCwiaWF0IjoxNzQzMzc4NTA4LCJqdGkiOiIyZmE2N2QxMDkwYWE0NzExYmJiMGQyOTI5ZDNmYzg4ZCIsInVzZXJfaWQiOjZ9.jAeDvzr0CEANGhc697U3ec9zfdj_vruaHXci94E3a2FrKzszW7lpjT8IVWVQsch8Wz-1j4thk1bZ7JrjUG5Oq16P44BEAyRQzHPV42SNLBr2tnJiRgRqaQXhaIDYu_dDO7AmVP6jq1ShWe67BpvuejDc3TrM1d0vVl4KKaBS3tjqzKtnD2cWQX7Ms86QhCse6Je9SPUT75arXhi0aZ4I4Kn9uMEJelvC8b0xnRAYe4May0GK-tQig-zUmm5sepZAbsjgShANI2Kzr3DTpT4MUyhjeecXjkx50zsqf7Po8JZupkxnJw8Pt2qe914YAE3BrpxmjpySY4140aTaueDuUg','2025-03-30 23:48:28.697075','2025-04-02 23:48:28.000000',6,'2fa67d1090aa4711bbb0d2929d3fc88d'),(49,'eyJ0eXAiOiJKV1QiLCJhbGciOiJSUzI1NiJ9.eyJ0b2tlbl90eXBlIjoicmVmcmVzaCIsImV4cCI6MTc0MzgwMzc3NCwiaWF0IjoxNzQzNTQ0NTc0LCJqdGkiOiIzZGRiZjFiNWQ3NTY0YmY0YjRiNmE0MjgzNWNkNmY1MyIsInVzZXJfaWQiOjZ9.vqRFCimkcleTLg4w3YlXOoeGcrKewhsWneLlNYrL4uve6hl96SHUZondL8psLSUCD8jsvYAA62Dg94DhUaJrzkWGBZEGDBDBNg9FmkJb10O9WiANvfDv27uvRbqei5XjLEmPI79OOFUtH32dAhwv4wEZsJtI3DdCzNRVapv8iW3Y1EgNqKeoG002FyxRgr8HBBBtUMWgoYb7kylt13A-hKNqWiqGuQeJxUhqWMM62E1ZXO-mcnVcLdI5lM0w115U9SjlQrDjnmwxLx8fpoAWvNZTwKOoYLiqcrEGz-rA-LGSTEBgQLYmB7V1S2gAGYYlLWIha1jNSGSCY-cqPwy3YA','2025-04-01 21:56:14.956073','2025-04-04 21:56:14.000000',6,'3ddbf1b5d7564bf4b4b6a42835cd6f53'),(50,'eyJ0eXAiOiJKV1QiLCJhbGciOiJSUzI1NiJ9.eyJ0b2tlbl90eXBlIjoicmVmcmVzaCIsImV4cCI6MTc0MzgwNTUyNywiaWF0IjoxNzQzNTQ2MzI3LCJqdGkiOiI4ZTQ2ZWQyNTg5OGI0MWRhOTFkMDZjNmViNGI5NGE0MCIsInVzZXJfaWQiOjZ9.KFdy-TlQicGuMM_nspvQcXL1DMHnguN6xI2uofS4we0T6i33PT7ry6MwQCcMQo4_2tSBuOQmD3jMp9X_wxRT5cziWkH-fICEJPLU09iny6avfExugsh2O0YzwgskgBuJiFyanfkjgIrduXt6vOelZeHykk1BbmdUZYlxzKoS8HcGZvq8cYwFeL7X40_bVzxhk6QSMaBQZ9umBNkFrZgNhxYBtTYAX_kmyFHdcoRTLNzviiiEvQ2Gtv1hpuYM8r1TIDSYiqX9KmouHez3DzNC-zQniaYdKrIkBJe6cj2lqvK6gkNS10l3tl6STOAYRpT45tNqTG-R6t2OUDnCAeFlNA','2025-04-01 22:25:27.717701','2025-04-04 22:25:27.000000',6,'8e46ed25898b41da91d06c6eb4b94a40'),(51,'eyJ0eXAiOiJKV1QiLCJhbGciOiJSUzI1NiJ9.eyJ0b2tlbl90eXBlIjoicmVmcmVzaCIsImV4cCI6MTc0MzgwNjQ5MiwiaWF0IjoxNzQzNTQ3MjkyLCJqdGkiOiJkY2ZlYTliYzRkYmI0Y2JkYTg5OTE3NTYzZTgyNGNmZiIsInVzZXJfaWQiOjZ9.v8UW2jkVNwHVfaa4N3_wNInvh_wtfo79zIAQCsbkM2S9e-u9Jh73NS276Vi8S0NpuZyphsNzDOQ_p_-c6GCjJho-ZfzsUS5ky6hYrY3Sne0gwWEnlfuCRNu-h0tzuhNQxpbRwr_zjdjeimHCD8Hd-oAE6BT6dhVCc13pPABiUzM8uZb3z8zUi1n-SLPiIRp8pDc1S3gnnLJs4Mb6KXo3C9DDjUYtYAu_HdbKahaNSYsOKzLk3YiUbBIbPVYEsJzCnA6i8DSYpnAyZyeD0shGht6wkW91V6NY1hjwwPRCkeSfzo3NoxIND6e65xifvp5fViDhFrEX2IUPlEMKN80XOw','2025-04-01 22:41:32.162496','2025-04-04 22:41:32.000000',6,'dcfea9bc4dbb4cbda89917563e824cff'),(52,'eyJ0eXAiOiJKV1QiLCJhbGciOiJSUzI1NiJ9.eyJ0b2tlbl90eXBlIjoicmVmcmVzaCIsImV4cCI6MTc0MzgwNjQ5MiwiaWF0IjoxNzQzNTQ3MjkyLCJqdGkiOiJhZmViMmIwMmFmNTM0MTZmOGQ4MDcyNTBmOTc5MTlmMiIsInVzZXJfaWQiOjZ9.zmbPuqyk5yiZt-4NeCO1wmKSro0jaW6AqYhOGFKMCL8AJJGhNYhNbpiAkw-LrTicOazBQ28ehrmdaLlzo7uHbt9R7cD0wQU4q3oKowuDNDoNnGOQs0JY32zA6tuH-563VgvhJAQpMhG1dPkvQBjDSK3l3Zex8tytRLxwHE3kXJxUMSpUSO31mAP5a8FT3E_TwqAJzs8iS0BaHLswOeMbv_IwJAbaGNUmg0Gd2uRbcSBQMap_nrjNeCJ0-Kc-k15Wr80pdhcc7zPXvyLGMB3HiDjWLxAmBYtSdI1fhxq6wyQmRx6OP1ad-RkPiPjeVTp5-O8PWI3NuiFIz4zfRXFOYA','2025-04-01 22:41:32.149357','2025-04-04 22:41:32.000000',6,'afeb2b02af53416f8d807250f97919f2'),(53,'eyJ0eXAiOiJKV1QiLCJhbGciOiJSUzI1NiJ9.eyJ0b2tlbl90eXBlIjoicmVmcmVzaCIsImV4cCI6MTc0MzgwNjQ5MiwiaWF0IjoxNzQzNTQ3MjkyLCJqdGkiOiJmNTNjM2ZkNTU3MjE0MjU0ODEzZTFhMWZmY2ExYTgzOSIsInVzZXJfaWQiOjZ9.YysnOI_hqvyxTOGSl_7-T4Leptwtj18PTKitbn5aoAYozoT2SujE0n4rBjQjfxUWouVtJN97w1VmymMO58ToS5pe9sGTWBx30e_d91a1WwxI3SwU_H7iXzmPNR2Uezwijuk_lSwWyM8Yn-HPrac6_-uROJ3fT8-s_i_mCrY8IBbB2wys_M00fMLfLhNNwTrgbZyP9zY8o1SWBDFsGIKEJ371sOq9npF-UTwtfEPwZMyMDL_hoDMjxCx72Kdk1oEZRpAJucp9gmb1fs9iQemYDJ33w-ooV2s5Z6tgdUZydtF9j7qgETMEtu11t3K9JHTUH0Wj_lNLzP6smPDQ0izDpw','2025-04-01 22:41:32.154106','2025-04-04 22:41:32.000000',6,'f53c3fd557214254813e1a1ffca1a839'),(54,'eyJ0eXAiOiJKV1QiLCJhbGciOiJSUzI1NiJ9.eyJ0b2tlbl90eXBlIjoicmVmcmVzaCIsImV4cCI6MTc0MzgwODIzOSwiaWF0IjoxNzQzNTQ5MDM5LCJqdGkiOiIyMzc3Y2NjNDI2YmM0YTAzODgyN2ZmZWE5YjFhZDUwZiIsInVzZXJfaWQiOjZ9.itsIvye4SErWRwq3TSrqDrCnpLyno_OCYw4RW8O-ogIPUMOC3spnGK1JDMwb34ioyNj14oYlz8iyzh1pH4sVZtJ3Wl7mrNlXr5IQzZ91oXZ4aKCRjhPQRVobaL7kiVeSDJxx65La4qc5x6n6U4lP2YMuD01MxKNvvDQ3s86bpU3DokPxg_HQofRa4F6WHD_fYZHUpMDBwy8vvYYRspZEYGG0Fng14nPs9DSPBA8HLIum9HWeHD6OoG9XJH586h9y7liFeUSLuQqjglOHucmMuKOAhhfU0SmRt5RofblkG9bzonj653FRD1_vfvEOkJAzAWidGya7UK1u30y3t9iOaA','2025-04-01 23:10:39.841771','2025-04-04 23:10:39.000000',6,'2377ccc426bc4a038827ffea9b1ad50f'),(55,'eyJ0eXAiOiJKV1QiLCJhbGciOiJSUzI1NiJ9.eyJ0b2tlbl90eXBlIjoicmVmcmVzaCIsImV4cCI6MTc0MzgwODIzOSwiaWF0IjoxNzQzNTQ5MDM5LCJqdGkiOiJlNTI3MDFiZDg2NTg0N2U3YjNhNTBiYjhhNTU4ZGZhYiIsInVzZXJfaWQiOjZ9.u7pS5uh9sqbMAkH6iNNdIn0JHb1sFjHy-DaSPYWQxQmCZ9-crnQ5VhCOv-nCQgXN2QfgILVIE5eATCH9OZOP4wMQJD1ctT923CsfkIGVhIcIUwxWOviPMhoawQ9w-nI4le7r5kvkyreStKAXvO7v9fVV6RkbwpOy8Wtt7nd5-vmPNgMKPLFClawRME2G0ymSWDivHbpgwhj_Rqa9gaLh_Mwzi-zCUqwOBuGGF1150goeWQ3YpOGDgYB1aNlbvTj9hsXbHhmcW6sNOMuSZNJ2Gp_Wf6LWGezgxQY0QGa7Oq4ESOcUWCP6CPF9EpYmhnmuJgHHenshkkBHr5QjnLFQQA','2025-04-01 23:10:39.860232','2025-04-04 23:10:39.000000',6,'e52701bd865847e7b3a50bb8a558dfab'),(56,'eyJ0eXAiOiJKV1QiLCJhbGciOiJSUzI1NiJ9.eyJ0b2tlbl90eXBlIjoicmVmcmVzaCIsImV4cCI6MTc0MzgwODIzOSwiaWF0IjoxNzQzNTQ5MDM5LCJqdGkiOiJlOGI3YTk3NTY2ZDk0YzExYTQ5MGQwOTNkNzQzNGFiZCIsInVzZXJfaWQiOjZ9.yJq9X3RkdFDxvYLIHozW7Ccax3wHd8iwc-ozaheETjbKkhm62o7P2C86mqjB-QyU2tc3KRUtU36K-5SsnhPHiLw8d5CyHDzuFwhgD3pY23cuL5ffCQv92LK3OcrwK4w5z0vRooF37JhxHV_rAg-a_QdBxAIKBtSxZxk-WGXLXGa6jDIey1k4OYV1VNYR6T5kpTlkOH3I17ZfOBtDTcsDvqw6I5yop-QeLvPD0MvoxJpf5zu2yTq3rfpPtSQ8nYk2HAuSOmrK7W1ahYphDYFsWmrsmXlMED_df1fvYtA3TSylDDLqL2kb90YxAG4NrH4fWpmBBD9j9T3H2Wyef319bw','2025-04-01 23:10:39.885248','2025-04-04 23:10:39.000000',6,'e8b7a97566d94c11a490d093d7434abd'),(57,'eyJ0eXAiOiJKV1QiLCJhbGciOiJSUzI1NiJ9.eyJ0b2tlbl90eXBlIjoicmVmcmVzaCIsImV4cCI6MTc0MzgwOTE5MSwiaWF0IjoxNzQzNTQ5OTkxLCJqdGkiOiJhYjU3NmM5NThiMzA0OTY0OWM2ODdhYjkyOTgyMGU4MCIsInVzZXJfaWQiOjZ9.XRNFmfCnX6in0pmddmF0vFZl2PXpRW5eQPBAAlNKtMrfYmJ0bzrz6UZ1ED4P8Z2dCnB14gxPp1lIpqynLZ4aGAtvAvh-8KOrWFl9DblHYiBr8j-ENovwuXdTX-_eD-IJZAsVf1xD0EKCzts5wmzuD7HYGulnu1dTfIzIkgVtsEKjEbPo6_qHIGOvXjlH46wjJrp_nw03MGgwNwQz-k3Bn_WeJe-q_RrJb517oYwTgk6Ocrb6kVN4-rI5YMtJfW9mBMbSoSjHhWNO3QAfS5x_WITnwWxZBV8uCdxUGvtK4EA-s3QmQDLZwNcD3iHEzdwjlAA5ZiilJAZBlTc5Qh-mPw','2025-04-01 23:26:31.848191','2025-04-04 23:26:31.000000',6,'ab576c958b3049649c687ab929820e80'),(58,'eyJ0eXAiOiJKV1QiLCJhbGciOiJSUzI1NiJ9.eyJ0b2tlbl90eXBlIjoicmVmcmVzaCIsImV4cCI6MTc0MzgwOTE5MSwiaWF0IjoxNzQzNTQ5OTkxLCJqdGkiOiIzYzEyN2VhNDE3MjQ0OTVjYmZiZTAwMDU3Y2FkOGJkZSIsInVzZXJfaWQiOjZ9.f5wdMpeif-u4gXl4g0dDL3NV63zaCMVzl7278EyJR80B6fg9UdBchx16-PZYRPTYTP9acnYlu_bdXuif5AzHHiGWKxfeyAVz7l7GxQu45DykGEI9gMHslbwqnjx-phXzA6fQ27zr0ZjKImzvcJRHovn-_Qj5ryk1CmwjRfIkb6TJ1666rJbXAf1uPsofyQnYxwo4tDx_CMaKe-xnJGza5hu0aqTdY5tFcjaDvTpNAGCO7ChY4zX2xU-MCSBLzk99_cNQAWEcslBgGhvgGKf7rbyLNtjpH4LwLg_ne7HWdkVjVFODROsptEmPpfrRyY5ewzMtPYoNmRmfgBtRe24ahg','2025-04-01 23:26:31.849274','2025-04-04 23:26:31.000000',6,'3c127ea41724495cbfbe00057cad8bde'),(59,'eyJ0eXAiOiJKV1QiLCJhbGciOiJSUzI1NiJ9.eyJ0b2tlbl90eXBlIjoicmVmcmVzaCIsImV4cCI6MTc0MzgwOTE5MSwiaWF0IjoxNzQzNTQ5OTkxLCJqdGkiOiIwMzEwYmU4NjZlNTc0ODFlYTg3MmM4MjY2MWQ1ZTU2MSIsInVzZXJfaWQiOjZ9.lG8in3LzEgkrC4ahghMdbyfE8wIkLbMj4-kqHBCUv8DnIvVwX6-8S6iHhsl1aQGspwvxO3qsiNqhDxZWw8gpHLSbF-1w-1MoAsOs8QvJSC9D3ZdSwMqNvrxx9QTWB56irjCThpTv3Vo-yzH8-1n0bqe55D4Yv6yO32hFGF1J96TELmllLT37FuAMAUYxwI56VgmXnfaUcFhJkfaD9EdzmCSrKtjQF08Jv9RfnjrC8NEKp46s1xipsS4RJRPKsXwBj-K6t0Ofhg7K4SQg9XdhgRpRTe3ou4t0GsptF7MCRl54WvkzbQ0SA-8QwgIwNrSmJ2NIn8QDlObpEvpr_8_Hrw','2025-04-01 23:26:31.854520','2025-04-04 23:26:31.000000',6,'0310be866e57481ea872c82661d5e561'),(60,'eyJ0eXAiOiJKV1QiLCJhbGciOiJSUzI1NiJ9.eyJ0b2tlbl90eXBlIjoicmVmcmVzaCIsImV4cCI6MTc0NDEzNDQ0MSwiaWF0IjoxNzQzODc1MjQxLCJqdGkiOiIwZmI2OTFlMDcyMmM0MWUxYTgzYzBkMDg3MTI2ZTA2MyIsInVzZXJfaWQiOjZ9.d_kHq3csB10yUDdZ-GMyKz7oBuFzbY3U89BwsRESrHvFkOsDzYh4d7RXPvbo0A9jjXbF675-GZLe0lhBrt90EUnsLfkHiDcaFmm5hdH7cbBDpHrSOv0s9WYuq7C4BbCr0Wgnzu0bn9V0VLXk5YSmhJY5bCGf2Z6PrZjkY602YbpkVQ_N6bDAAVWo4CaHEpqc1w3DboEzfMEBPOqTN9E8Zaf0zLnzjoCFNfQw_1EpL9xhqqlTUVYLUhoRAtEW16jeDkvne3eswrGZs90HCp1J3e-A4lyNCQxqOFEOqu7HpbFs7NDeDHs7E6Na2ETFahBix93X-EV5wxDcKsVZgwwXdQ','2025-04-05 17:47:21.502955','2025-04-08 17:47:21.000000',6,'0fb691e0722c41e1a83c0d087126e063'),(61,'eyJ0eXAiOiJKV1QiLCJhbGciOiJSUzI1NiJ9.eyJ0b2tlbl90eXBlIjoicmVmcmVzaCIsImV4cCI6MTc0NDEzNzU2MCwiaWF0IjoxNzQzODc4MzYwLCJqdGkiOiJjZDZkZjQ4YTFkNjc0MGNhOGQ5N2Q2MDYzOGUzOTA1NyIsInVzZXJfaWQiOjZ9.PiVo86UgkhFBxeSlRdUvuWj4RAFkpOHYTnIpFN1oPrvyj3z_dUxeYztoHfdMKfyXUNQlv3MC0GiF35pRBHc93rMWtNE3cuXTI_6HFj53Lf0RIddLdVjZfzvaeNjik2rSa_zpAlNuqH_acwZXcpLQyOWX1TJdcItLmfigUJ5uDFZ5oHBYzwKjwP1a3vpYtiMThOe4UNbB1IUzDwcRgHJtaVbBdpBwcXYpkFgrmS2DtfAOlacnDn0hJGrClNsJFI5YZZbZTaF7ktpjUoazq3Dkpfz06Co52gPmALyVIybAMTP0B5TouOhBsrl6dTXkNNrFdzERYXFMRQEBAF1d_nM6ng','2025-04-05 18:39:20.057639','2025-04-08 18:39:20.000000',6,'cd6df48a1d6740ca8d97d60638e39057'),(62,'eyJ0eXAiOiJKV1QiLCJhbGciOiJSUzI1NiJ9.eyJ0b2tlbl90eXBlIjoicmVmcmVzaCIsImV4cCI6MTc0NDEzNzU2MCwiaWF0IjoxNzQzODc4MzYwLCJqdGkiOiI1Yzc3ZTNiMGMzNDY0MjEyYjYyMDY4NmNlMDIyYTA2NSIsInVzZXJfaWQiOjZ9.26jPvH9ZR0nyus03gS4CunkVOriIu2nNgkPGPcvrIL6a6MwVHRiOCsZpmXVMw8fkHhf-CIxKk5fElmBdJFitV2Pt1i_3GpqcnucliGr-XWDrRMzq5lvV_G24BKxScpkAWIuiALlmgktkWkatmI3qgbz3U7jW0iA-ao_nNO6rMJgFsGo2sBbiyCHiGhDBdhFMex0bgGEGLzEvQ3xE_BvV7k5GYpAGsTkjSTA5RJSJrpGhJLHIqvhdhyqY3FQc4MwUEMn4FxZO_bJz54aH6QUqqpGE9Ok6GVBJAa4NcPHuvineR_4zVrKN8_AeqStt76knRLHvqbFD4SLuo8oU6USClQ','2025-04-05 18:39:20.056809','2025-04-08 18:39:20.000000',6,'5c77e3b0c3464212b620686ce022a065'),(63,'eyJ0eXAiOiJKV1QiLCJhbGciOiJSUzI1NiJ9.eyJ0b2tlbl90eXBlIjoicmVmcmVzaCIsImV4cCI6MTc0NDEzODkxMCwiaWF0IjoxNzQzODc5NzEwLCJqdGkiOiIwNGU2ODAxNTM0ZDA0OTRlYjhkYTM3NjIyNmM5YjZkMCIsInVzZXJfaWQiOjZ9.LMXvspRXDOR8OWnpQ3uKRxnqTilgtwoD0kmEaG-CQELEAbD4ZXjUpTvVkd45zRf6pGcJ4FiuXjSJmkL4rSyCQU90zXWfSGS-Jy5DTu5lmlz1rngm5sgThtwA3nH7azahCXjZLAqfmnXwZUIRBXMgTGretBUvwU8_rDSVOr6yNLMhPJjJKyMX-rmSpadw1tyUHBUKU-HhXNY09Pyg2gO_vUTiCb6Zoq-mWh9-AqMCYAxgGEsaFyGPy0HtIc_9Udk_Z4LfRVsOyjaTjlDQ3lGQp5fVb1bS21PockiTQZCdAtwaxQvpiiqWQ7Pd6-D68l0QbTZ1dS_ulYVDgw2SObIc0Q','2025-04-05 19:01:50.500904','2025-04-08 19:01:50.000000',6,'04e6801534d0494eb8da376226c9b6d0'),(64,'eyJ0eXAiOiJKV1QiLCJhbGciOiJSUzI1NiJ9.eyJ0b2tlbl90eXBlIjoicmVmcmVzaCIsImV4cCI6MTc0NDEzODkxMCwiaWF0IjoxNzQzODc5NzEwLCJqdGkiOiJlYWViYTIyYWE0MzA0NzFkYjU0NjQ2NjZjMWY2NmQ3MSIsInVzZXJfaWQiOjZ9.V5c_6UKPGU0fBzMnkkmFIcolLCQgTwbLIXanGLkoVjR6AHoN2fwfBgFTPtvgajcLoJx3mMul9RAt9ySp7S63iS6aLCoBMWG4dliD5boC6BsS-0HZ8IvdoHdnStDHxfjrTaSz2dpkQNOaiyhNPZZmMKlKTyxo85OClPG8w6mC7jIOlXie7n8XekxnytCyxuNe06rf961PFebjksw3PuF3dpM9QsJjmPR7qrQcpqtrdJnpxr9fiAiWsTW-Wi7bKlBit5-Koo-7OV-sWtZh0-HYs41gsuzBlYqhCygkXUoZ6Sn8Hn79Z1lryyE_v05gcyLV9uO1ionco2Y-I9FOnn2Z3A','2025-04-05 19:01:50.497729','2025-04-08 19:01:50.000000',6,'eaeba22aa430471db5464666c1f66d71'),(65,'eyJ0eXAiOiJKV1QiLCJhbGciOiJSUzI1NiJ9.eyJ0b2tlbl90eXBlIjoicmVmcmVzaCIsImV4cCI6MTc0NDE0MDEyMiwiaWF0IjoxNzQzODgwOTIyLCJqdGkiOiJkMGQxNjhkNjE4ZmU0MDFmODFhZjAwMDgzMzM4YWEwMSIsInVzZXJfaWQiOjZ9.RcfaTG0PzeoCJvFTs6MsJAQmNXqdhphCkI-_-PDOuFG-cvQREfNVQK5WDh6wb1_rW2-yrovj8qpWDUZwdxuyKBKyo9y6xv86GgrQzmyuYEBNtM7Qez9eFcACPj_NKQWKu1zjh52TTAvj776ck5eYcEXBBRykrn0yY4OlWzcrdzDTmTlCbfEiJbWPIZr-1rXpS0GgA7YMfVZqa-NJnEim15X4JaoQCUxKXlz6aHB0FnT64OkVeLP0M1W5_BZXZvrtbsJt3YWry1IUw1kLml07uhDgozDSUZ-pzcZk33NnwSFQ8CBazcfmTwSvjhW4-BmBzDdZPRkXgmu2djF4vu7UoA','2025-04-05 19:22:02.996077','2025-04-08 19:22:02.000000',6,'d0d168d618fe401f81af00083338aa01'),(66,'eyJ0eXAiOiJKV1QiLCJhbGciOiJSUzI1NiJ9.eyJ0b2tlbl90eXBlIjoicmVmcmVzaCIsImV4cCI6MTc0NDE0MDEyMywiaWF0IjoxNzQzODgwOTIzLCJqdGkiOiIwZDkwZDVmOTNkMzQ0ODRmYTQ5NzQxZDE2ZDY1Mzk3OSIsInVzZXJfaWQiOjZ9.BvyTSUfZPiE_Z2ipbI8ysVauKJqYhYmN64kGUSR9JSlp5tRAbFTgyMmiNJ7oqSlIn7qptWMV-cEQ2NUh7XvSjR9enINVQOlup3zWr0n3ut-KTYK8c-NnKdHfsjzRlCmv_MXA_C5TFNrdMd_UZRfRC0MPTtqWQr7hHIkWCAy0_9EuojApdFiB3qmY93aV9ynvDdBNbqz7DyNhgPUcAYikiCUatm75vMdcKxTB1RiFvUl9hat7pI364pQLKgD4dy5uwbjQkyvxh6qLiDlZNSYzbMdh8SE7M7QLTLo0Q_8_seZheJEU6xxnNEuqLcbG_iaDGlpUN09_ZdzbypGEjCpgwg','2025-04-05 19:22:03.009918','2025-04-08 19:22:03.000000',6,'0d90d5f93d34484fa49741d16d653979'),(67,'eyJ0eXAiOiJKV1QiLCJhbGciOiJSUzI1NiJ9.eyJ0b2tlbl90eXBlIjoicmVmcmVzaCIsImV4cCI6MTc0NDE0MDEyMywiaWF0IjoxNzQzODgwOTIzLCJqdGkiOiIxNTE2YTJjNzk5OGQ0ZDMzODFhZmI1MjBjMGJjYzcwZSIsInVzZXJfaWQiOjZ9.LHjwSWgaMAJZh2XYGaybj48jwZmt6Y5Tc4ubcwwcUvg8kvF7e5eu1ke49bb_b8yo74v9SvANT9JSwPA2Qm9Kn_nh32ahhxe4Z_RXSxn9zFKu2YrN24pF9CAYCLNcNAWWzoCLk5zO9U6VLVo_gz3_VNVJ3GPdmMeJOa9c-8oYmocJjmVNIz062R8Sje_r28seah1x7uRZ0L0X51Qj6UEQWQzHZ1tA0O7A6fhvxkmW8U0gqkmtJDmg-OHdhaOh_zfGu4vzFDPH0S5i2JTSqOT2RDmY1GBQM8lcojIRXqrVWJbPZnES6SeVk-OgP3cODsaFwshH5zDvdAw5Kdpb7_bc8g','2025-04-05 19:22:03.002666','2025-04-08 19:22:03.000000',6,'1516a2c7998d4d3381afb520c0bcc70e'),(68,'eyJ0eXAiOiJKV1QiLCJhbGciOiJSUzI1NiJ9.eyJ0b2tlbl90eXBlIjoicmVmcmVzaCIsImV4cCI6MTc0NDE0MDEyMiwiaWF0IjoxNzQzODgwOTIyLCJqdGkiOiIyNDFjOGFjMDJhYWE0YmYyODIzNDVkOGU0YThlOWMwMCIsInVzZXJfaWQiOjZ9.A1JKhYJ5e1BuEmZfnnrymgKLD_Ck9shunaWdVF92Yjdt2AGpJ2Efh6ppHSgscLTz-Jg1MM-eq4xaKRLbE8QvCVuxCCXMh5SRp6NUNTD5E-4VDkxBRQL3uai0QkH_MNl9EOjiLy7VkNK3yca7e3HZJHNjmNrIV2Ikv_d0uMTr1N_OnkXRdgKn0xVBGsD7i4cQAieXIeVAsb128Jk92eiQPSxLhvHTkGehHOJ7SUcT6eOXH4CmugiejzsUQvK1fhHGVMtDlRZTCnFw6Vz0tRG2gzJXW9W5rufW2__fuLSPCj0SpGVKKXROzT3XI5cVG3yGBUPt4EV7jPBEpgIPxSvLMA','2025-04-05 19:22:02.984608','2025-04-08 19:22:02.000000',6,'241c8ac02aaa4bf282345d8e4a8e9c00'),(69,'eyJ0eXAiOiJKV1QiLCJhbGciOiJSUzI1NiJ9.eyJ0b2tlbl90eXBlIjoicmVmcmVzaCIsImV4cCI6MTc0NDE0MDEyMywiaWF0IjoxNzQzODgwOTIzLCJqdGkiOiJiZjZmYzRhNDNhMTA0NjZlYjYyYjM2OWMyN2YwNmIwMCIsInVzZXJfaWQiOjZ9.15C4FykRgU9YVrmCVuW0hNYWQgi9eCO0eqnkSOsZHnUd9uns4LCBBy6WxrbC2Qrgx3I_bqTisYTWO0qj6eoalRaoPBH-n8QW6TnICRiNLl-3PrfRUNabxsy0m_16mIcIjFF8nWhM82BTJZyonOhkXFOX5PBqaxJO-yV_feml0fb4eVnKkkgKNActZqrFySSDPLvJbiwJ1Z88RuvcH8zaNhX49oP2rG2GYYqNB66sZNuP1yOFqiN4fso7dbuftTQtZtA0IvJLa1fakegFAF_iaSNH7zVmc8QqEGPOwu0wgu7qFVGFJ_OKKiFJK8-YooGKcrAAeLWENnO_fwGXoTq8Ow','2025-04-05 19:22:03.015936','2025-04-08 19:22:03.000000',6,'bf6fc4a43a10466eb62b369c27f06b00'),(70,'eyJ0eXAiOiJKV1QiLCJhbGciOiJSUzI1NiJ9.eyJ0b2tlbl90eXBlIjoicmVmcmVzaCIsImV4cCI6MTc0NDE0MDEyMywiaWF0IjoxNzQzODgwOTIzLCJqdGkiOiI3YzhmOGFiMzc1Zjg0MDZiYTRhNmQwZGI2MDg2ODU2MyIsInVzZXJfaWQiOjZ9.IcXJ7DVL30X0FbdKLNXayR35ukWTH4bEeYqNI6lqkEZopj0CNVREypxEFCLvEIrBmM5fbhkE22iPXqIczZIbrwbx1F_yJfPmDOkJHlWPR0P2DZMpnKk9SJ34yH2CRa3tS48esWinH3Syft16bncvYablBts4j36sh8pM6dwhpiROIG1qXQsb99Tic4hnp789jCPh55g6qym1sPhzNhYte6v5onZBEeuTy-5zz9acTrZsqYG53VDJpGrljIDto1zmVe3-r3Nj2faGYItRZKPhYDViO0fh1DpweVHfuOi8cfvsdmhxBxZZ2yK-i7YIoXn7h6SAwmcxeqWOpT4gzYdFpQ','2025-04-05 19:22:03.041744','2025-04-08 19:22:03.000000',6,'7c8f8ab375f8406ba4a6d0db60868563'),(71,'eyJ0eXAiOiJKV1QiLCJhbGciOiJSUzI1NiJ9.eyJ0b2tlbl90eXBlIjoicmVmcmVzaCIsImV4cCI6MTc0NDE0MTA0OSwiaWF0IjoxNzQzODgxODQ5LCJqdGkiOiIxNDRiZTEzNTk0MTM0Y2E3YTQzNTZkYWRkZjYzNmYzNiIsInVzZXJfaWQiOjZ9.yvIIhoUTxEgutyFLyNI-9KgC4k92U3TxDrnnkhvI-2kHnQsvIIpzSNZd-KiUHpzgDsPOE6lJYEWgNTOTHPIxOPg7nV7X7sU5ESjUWXYwIB0Zs9cEja7vnVXXHB4MdJgj1-iHxeHEUZA7o38-V3Fght57l0JIhL869o0sjf4zE4fZUmp6jsBsmr9qbt7Umbum2bKgQDrgjCC6dM-uMJrVq0pKwAIzpjcQdM8e9DFnPaAf6dBKnl7Xp1VTzTx9Ex9LZ8d70ZP0p86G_zva-v99dLdMJTGfjDDfqvxtPW04mHuVKSEmdcOp63tPTx-6y9CRkeEj_EscmU5-hiZSgzPVfA','2025-04-05 19:37:29.654182','2025-04-08 19:37:29.000000',6,'144be13594134ca7a4356daddf636f36'),(72,'eyJ0eXAiOiJKV1QiLCJhbGciOiJSUzI1NiJ9.eyJ0b2tlbl90eXBlIjoicmVmcmVzaCIsImV4cCI6MTc0NDE0MTI3OCwiaWF0IjoxNzQzODgyMDc4LCJqdGkiOiI3NzI4Mzk1MDE3ZDQ0YjQ4OWFhMzViZThiZTc1NGQ4NiIsInVzZXJfaWQiOjZ9.RCC6A8sQK7B-prAyEpBVHbJ3HFwaWL3IaV5t4SP67JZx-FWQspuZWqf6Cr0fRil0nGpjCE-WChJszyaswDj9xQ7cO0QnMkrwG0sj7i9p-eQJEc3LF19CNBgMZUPCVMo9qwSYjjgsdcXtpD-xKqOaNSfxDCgFx51n-pMjhDpCucwnsUkH28Nl6IvNeRk-xvDo4aVKb1wec0T2EhZaXSyMS29B9g93uWCnUHcyY5Sws_BNSx1-egyDWBPgWsjIh1EYF7pQbSJoRLMsm1U3uy3FmrzHMdlTOiW97meore_YNn5zU4YjlNzfskyto34QjuAkc22F3PN1Vhf-xS6DThT9CQ','2025-04-05 19:41:18.867051','2025-04-08 19:41:18.000000',6,'7728395017d44b489aa35be8be754d86'),(73,'eyJ0eXAiOiJKV1QiLCJhbGciOiJSUzI1NiJ9.eyJ0b2tlbl90eXBlIjoicmVmcmVzaCIsImV4cCI6MTc0NDE0ODQ4NSwiaWF0IjoxNzQzODg5Mjg1LCJqdGkiOiI1ZjVmODNlODk3MDE0ODA3YmMyYzIyNzgxOGYwY2YzNyIsInVzZXJfaWQiOjZ9.mqm5-k1XK4ZJ4mXbxUJ3RLspV9ZV1CGRg_dl8M2T9S21gKn9cvRQ-4KMKgvwnVW2zQylmzDupVV7kozxm34sE5YiPLjNIvKHJh0AMQCr_m0tQ7qKRAJyiNWWLWyKmMNCrkbokXf8ApuZ7Tj-v48u8r-RqqQOxr5wMcSPsvTmMTR0KWSjmwOfsSQ3dHBMeLCXzTYU-RI7kX7kZGeYkDwo-Q_7tjvTiuiJd5MSn6L9U8fC3dvgoxv28YGDwcaCgUMbtDkZ8rb-ZQcKXUJPYad0cp9OKSRXdSuQSweRtfyhprwZ_COz1AaPXb9JZjg7QSsI5GK1or8qc-LcdLgq5B-fIw','2025-04-05 21:41:25.741076','2025-04-08 21:41:25.000000',6,'5f5f83e897014807bc2c227818f0cf37'),(74,'eyJ0eXAiOiJKV1QiLCJhbGciOiJSUzI1NiJ9.eyJ0b2tlbl90eXBlIjoicmVmcmVzaCIsImV4cCI6MTc0NDE1MDUzMywiaWF0IjoxNzQzODkxMzMzLCJqdGkiOiIxYjA4MjU4NGNiZGE0NTQxOTg0Y2ZlMjliYjM1N2I1YiIsInVzZXJfaWQiOjZ9.QoAIA6CSSmkhDz9Ah_Gs1NOMruKILD64t8pV5M5z9MpOw2BJGqkoKY0HVNqCjJ9qqcMzd-glxhvjxDOPR3U_SY-HK8WIRRyXNNewNOLGnc3FvqBg4pY8_V-fKoGN4bWycMob3w8iOgFxlv_RUPLRmndvvXAH3GBwK3eXCLEV2jLG3C3Gbh6uM7nRPnkizeFFxIOFS2XTGny83xRtKqv4dS1R-dUuUlnIHzIjcwiz4uhfdMOqNwrAsD7QPWFdEBF57eFfygrEzYCHbTpdLUnNel2I8-Yh1_FvlS2TkVkwf8CfHAJ3aVQMzg79Yl3sNsu0dtN0-3nSlj5iiI9_ouSPQA','2025-04-05 22:15:33.787516','2025-04-08 22:15:33.000000',6,'1b082584cbda4541984cfe29bb357b5b'),(75,'eyJ0eXAiOiJKV1QiLCJhbGciOiJSUzI1NiJ9.eyJ0b2tlbl90eXBlIjoicmVmcmVzaCIsImV4cCI6MTc0NDE1MDUzMywiaWF0IjoxNzQzODkxMzMzLCJqdGkiOiJiNDJmMDIwYjllY2Q0OGU4ODJlZDk5ZjIwYmFlZjViMiIsInVzZXJfaWQiOjZ9.RZerdhgN0A-Jm3BQF5F0By4-Y-XNi71HYVJTY6uu_Q5TVdTj9PrEpxjlZyRNGntdD0vQSb3eZZOrtoXJ7CGUrJ7Jh_UDK5Pf8nx22jQKZ_gzu6gTsa6Fz-hnzVm1JtozMxHxpdEjWVwG5JmOPEboscQ3koo0rA9kEgVHup5f3GieWbIZRriflvQyBkPr4XMo9Meo-09NKU_w88UTPZWZG7k7qZ9LhCVOXOvH9l7ogWacv1WVmr_HzkNnLm-MjX5quYEMyH9cLE6af8rXCLRp3WhnBnZJxR9hsSWTXKppSM4JOOkTsSQgR4hYYc7r_31F6JGiDwHdn3UtuG8Hgr0FIA','2025-04-05 22:15:33.800662','2025-04-08 22:15:33.000000',6,'b42f020b9ecd48e882ed99f20baef5b2'),(76,'eyJ0eXAiOiJKV1QiLCJhbGciOiJSUzI1NiJ9.eyJ0b2tlbl90eXBlIjoicmVmcmVzaCIsImV4cCI6MTc0NDE1MDUzMywiaWF0IjoxNzQzODkxMzMzLCJqdGkiOiJlYTYwMWRjMzRlMGM0YzgwYjdkMTM0YjRhNzY3Mzc3ZSIsInVzZXJfaWQiOjZ9.pLREK0LUxfzmi4UTDduCPGu90xMxD5PcGySr-k2FmjdUkR-OJxBoE6HsAvm4GUYSU3p0qUbP6b5zKk-BVXHLx39YsTz6TQg9LlLN5nGEzxRbmh2q0fvrYL4ee0L8g4DMVgvDRNnnXOEKuUO3GMdIhmqT4OdO5NmUhnbn3nCf3rOlCFZt1GPsOZfFzyxMo-WaXAs_m22grwHSxrQBvAUpTKumcPiel3crR8OYjjFyubaxyl08KPS82OcsyijDD1ZUnSVSDKiF4nPAb5gfZhZvY7iae_rbfv34wZb5AxmdqCtRdYt1YvcIwvdOEJECiVwNB_IP2UuDCw3G2EXlboB5tA','2025-04-05 22:15:33.799652','2025-04-08 22:15:33.000000',6,'ea601dc34e0c4c80b7d134b4a767377e'),(77,'eyJ0eXAiOiJKV1QiLCJhbGciOiJSUzI1NiJ9.eyJ0b2tlbl90eXBlIjoicmVmcmVzaCIsImV4cCI6MTc0NDE1MTYxOSwiaWF0IjoxNzQzODkyNDE5LCJqdGkiOiJhMTMyYmIzOTVmNWM0NTljYjM2MmM1YzQ2ZWUyODI2YyIsInVzZXJfaWQiOjZ9.s0NLuiciTpp5nJ2BNIetm_FwSSM6pg305fCXaAXWse5cjOu7C6Y-0T-pvOA935QZ6qXlTVS0SUPC0O0ZUYApd79qjlee9Npsa-KBnMkhZ2wdkg11DrVVYG61PGwTVtjSFGlND2USkzhdhdtSHPuwwytSUfSUDcxP0vNWGWp5punrMv81plGYBnZf2rbCA1A71GRP_vK2zRZryjipdD8KQoN4_TOEsHjIQ2RfMrHVfXsANFRmy4DRfLkT1s_IzXIMWhxnqT0BUJ9nwFqK6ZWid8qMFsnn97oNipM0AaOuiuQRU6G7G_8uuNiScbVl8GxB97hsx3csTjIrDaWYGaxydw','2025-04-05 22:33:39.436007','2025-04-08 22:33:39.000000',6,'a132bb395f5c459cb362c5c46ee2826c'),(78,'eyJ0eXAiOiJKV1QiLCJhbGciOiJSUzI1NiJ9.eyJ0b2tlbl90eXBlIjoicmVmcmVzaCIsImV4cCI6MTc0NDE1MTYxOSwiaWF0IjoxNzQzODkyNDE5LCJqdGkiOiJlY2MwNGNjODk5YTI0NjFlOGM5YTllMmVjN2QzZmExMCIsInVzZXJfaWQiOjZ9.ULsBVT5VtOg8JtKEFOqhCR_lAbTDtO7ylAflQwcqsSlTMu-3baYMzx7LosfhQRPeAge0lrdMq_fWh4sKjWaCpTGimxFWe-INUPpYveLu5t682HEf5bFnXL302pnJbj6dxrvidq6ELgM9zk0kBPcrbP0JoZqoZtBdNM3QpLXGxbLXpvKbI4i7wsqWJ9T_s9BXjfJ68aYnE44HSinsO3Had1iC7buW_0kuA2xLYEly1934n70ByD9l8lXfy2uLfa1KCERzA_53jUQAeAnBgsIHMZZ6jEsd0V85Wisio4N3zJVyRB61md6mfCsALh2O9iTnurIokYT1XNUpEIdCObSRQg','2025-04-05 22:33:39.426076','2025-04-08 22:33:39.000000',6,'ecc04cc899a2461e8c9a9e2ec7d3fa10'),(79,'eyJ0eXAiOiJKV1QiLCJhbGciOiJSUzI1NiJ9.eyJ0b2tlbl90eXBlIjoicmVmcmVzaCIsImV4cCI6MTc0NDE1MTYxOSwiaWF0IjoxNzQzODkyNDE5LCJqdGkiOiIxMmM2ZjZmMTdjMTM0MzFjYjZjMGQ4MTcwMWQzNmMxNSIsInVzZXJfaWQiOjZ9.o5MkDIrpuDoeWSUuipMhMdaFIdEJcFjpnqgEo1WG432L_SlA34hx3rAP-yPHAH4eIh361TE7k8LEOBFl_06uLEuTDh52JHwGiLB_m8MS77lZDLoHlGHOxxHyvcT0MedFjseNrgFpamNrV8_0wkKrqdJh178bey_HREWunqkAuhy0vU5UKsoY4BqmGTdku5hs-LopszOEsAOHBwOBMiKCgqY7uVccJA7YoHpZhnuU2Vu_mxBIc8mO2Z3i4Fx0fR8r5yzmQX3NuB0zJTssThdFXKo-XUeDXQtZ8m-bS-QiHjygtwv195v9Dhy0SjmjQ_nw3rbotlvF6by3w-SZj6uKhQ','2025-04-05 22:33:39.438582','2025-04-08 22:33:39.000000',6,'12c6f6f17c13431cb6c0d81701d36c15'),(80,'eyJ0eXAiOiJKV1QiLCJhbGciOiJSUzI1NiJ9.eyJ0b2tlbl90eXBlIjoicmVmcmVzaCIsImV4cCI6MTc0NDE1MjYzMiwiaWF0IjoxNzQzODkzNDMyLCJqdGkiOiI1MjY3MGQ2MTQ4NWQ0NTMwYTc2ZGJiNTA3NTczNDI0MyIsInVzZXJfaWQiOjZ9.s7v5xZ0ogcSFS4YMSV95F3pzD6q08ZqcQj7v21cgBgs093RSC5BIdM6gLSMZOvEyHwiDDeGa5-sSZMFm-728WOdTFX75ECn-j1s2oNe3a9OzbAwckn3WYrMlqsKaHK_HSNJmDcte3753p10pMs5wijMS2KLGJ6IdDB9RUhp3SRjkIIycNesyikwPNn1WQ8IE-wJNgCNC-iQ5L-esTmCRWbWKfCgvLS8CMjX3bpQ7R_8-R_JhDPPfa3TAcjzfcLwGy0wBEHC1EMb7CKJiXXjzMG2phLslpLzJ0btUJO0a0zO2vJjcPHn02E66v2bkqr6Dj1qrrjFBVng7k2njDwS0Bw','2025-04-05 22:50:32.639704','2025-04-08 22:50:32.000000',6,'52670d61485d4530a76dbb5075734243'),(81,'eyJ0eXAiOiJKV1QiLCJhbGciOiJSUzI1NiJ9.eyJ0b2tlbl90eXBlIjoicmVmcmVzaCIsImV4cCI6MTc0NDE1MzIzMywiaWF0IjoxNzQzODk0MDMzLCJqdGkiOiI2NTZmY2RmN2FkZjc0MDYyYjBkYTNkM2ZiMDgzYTU1NiIsInVzZXJfaWQiOjZ9.De2ykKFG55uDiy0b9yvxisGg12-_bnctdzSE8m4PQvgpwrYVJq0SXB0UvOKKwIauhZ8lmT-sCHypqGRFVHLOsK1nSZrea3hd-sBvPnzVwAJi0TQ3Awdvl_MS2S52qmWg4AEWaPAaHzB8PzVAFhgcgN5SNZ6dOGY5KZUD-Pm9Vbym8aaLh8x319j5346DAtAwZQLhAd0ursUPbTr8bVfp2U3_TKKp65xaWZlnrWRu7G_677HGufqstK4MmKd_WuJ4bzZNlybMczCLdcdj_l0Jz9GPMQEt_U81lGzFwupvcGAOImYVxBCJPwOrAVYB5iFmV-Qp-ts0dJn-GBisodO0GA','2025-04-05 23:00:33.177127','2025-04-08 23:00:33.000000',6,'656fcdf7adf74062b0da3d3fb083a556'),(82,'eyJ0eXAiOiJKV1QiLCJhbGciOiJSUzI1NiJ9.eyJ0b2tlbl90eXBlIjoicmVmcmVzaCIsImV4cCI6MTc0NDE1MzQ4NiwiaWF0IjoxNzQzODk0Mjg2LCJqdGkiOiJlNmZmNGU3NDU3NjM0N2U0YTE2MjBhNzlhZmJiNjgzNiIsInVzZXJfaWQiOjZ9.jnXMloIXRbczofjb6MjI84VCEDgXmUD689LZ8ZKvMvNEu3LCFh21ZePDh8fhXMngXdwBlfT0ZA9z-fqy3hAy5J3aLgHM-DQbAzoC2exG5-arC5jFxBfAXTm6tRUvtupF3TNBYPAJ0BL0YmeVob_WaURYTnk4iICJd5kwJmsk4U21e2OQfGNa8rwZAlQcH1yB07spVfLfrk1Jk57zFeRDufmpRG5kH4viL_ujCw-276vB1k4IYYKq8sBSBoaYC5FnL7oFz1cPDjU_yIQmmg1kIAv0BLygmUNKtHQQrMyMzvOl6rfjBPXlCJvwC8vn_-gw8K3SmcE_wCXYvPL3h5FR1g','2025-04-05 23:04:46.040615','2025-04-08 23:04:46.000000',6,'e6ff4e74576347e4a1620a79afbb6836'),(83,'eyJ0eXAiOiJKV1QiLCJhbGciOiJSUzI1NiJ9.eyJ0b2tlbl90eXBlIjoicmVmcmVzaCIsImV4cCI6MTc0NDE1MzY3NCwiaWF0IjoxNzQzODk0NDc0LCJqdGkiOiI4OTQzMzY4ZmU1NDc0YmUzYWI0ZGIzOTBjNmU5MTIxZCIsInVzZXJfaWQiOjZ9.GtxHfPGakIakdnDZJhxRPt7ZBbU5p9mfEJq47jQuzN1DWhFFharTxjB51NhwpJBcFawA8k1w6tWGAN6IElLn0xioF5Y5r-LUx-ZQFIjpkDOFUuh_ouHty_rw-xhDXdwZq_OyaL31ei0vpOA8rZgBwFp-Shq8zxb_urBbAer2ScVwjtG2ImNKrAGqmL3Qi9dZuhNoBlS0I6NFVqmFR3xO64y0ngtocsSxa8jh0wTZkwLJ3GDlGFbA_NsIkS2xMnkjIia3ZBOKvXnTCrfVkEdWb1KsFyrR-o3yNU0m9LgEtjwhoUmx6ZOqeKeWRdfUCvXdQS5UtzWYFZPDunTFQQtpAA','2025-04-05 23:07:54.750737','2025-04-08 23:07:54.000000',6,'8943368fe5474be3ab4db390c6e9121d'),(84,'eyJ0eXAiOiJKV1QiLCJhbGciOiJSUzI1NiJ9.eyJ0b2tlbl90eXBlIjoicmVmcmVzaCIsImV4cCI6MTc0NDE1MzczNiwiaWF0IjoxNzQzODk0NTM2LCJqdGkiOiJmNGE2MGM2ZGJjM2M0ZjdlOTE2MTMwZjE4OTY3NmViMyIsInVzZXJfaWQiOjZ9.vSLqdQMzOaeAHh0CWleGH2d4NziGUflMwLps4jJyrja0B0R5aAcY6BdbXaGb-K66Gxzvi940b-juHcbpZuxnri_cc7X2hd-HQkI3BUEkaYwbyiTu8hMFPckzNlwRm8c8lFhVpmHer11rp0-qz0h1h9sXUKcaZCKM8XEmJJDinZPKPd0ZgInQtKzko0syr3tUZHPGBjmbOmO8_Io80pH_VYjs3G9bNeCC5nAD9QFFAp5rc-mpMS-uV3GgOOCvAPAfzFauhxYDz7JoTgC2_eYjrN_0aUFzy-EAOEorGLwaqrK5QKSBXCpXmdo1pwpPmffjxxqBKSEZISzG-yUvCJncPQ','2025-04-05 23:08:56.259743','2025-04-08 23:08:56.000000',6,'f4a60c6dbc3c4f7e916130f189676eb3'),(85,'eyJ0eXAiOiJKV1QiLCJhbGciOiJSUzI1NiJ9.eyJ0b2tlbl90eXBlIjoicmVmcmVzaCIsImV4cCI6MTc0NDE1MzgzMCwiaWF0IjoxNzQzODk0NjMwLCJqdGkiOiJjN2ZlMmVjMjAzODQ0NThiOTI0YmNiNzQ5ZTEyNzQ1YiIsInVzZXJfaWQiOjZ9.yQiCQWuNObembMKFBfGVPFIhNsU-9TkpiEFZHDbePM4UtIl-4v7opKQGhtPZn_CxQo3QxQw4YFbDjmCGusQgPmjvPqrco3fYDUKbVfebDcnseB2RkV9GKYd2lOVwByV2CUmx5fb2cPJ9VfI2Ahfo77azPYRHejn3s_YX8U2kn6F_tKue4SOXI7sNkYkON9R4KaAfHerfparchElEz9QAo1eoJZe2r0zPoYDlBa55ivEDNLdIEz5rrJ89hZtBNPN3zlOwLfS2ViMaq0Id-T4mRp5nEetA-7scvGVJ3o8BUt6PpQy0C1-8ExeLSPVxmdEjOQvxWKj3RUX4fXXPHSXaCg','2025-04-05 23:10:30.793551','2025-04-08 23:10:30.000000',6,'c7fe2ec20384458b924bcb749e12745b'),(86,'eyJ0eXAiOiJKV1QiLCJhbGciOiJSUzI1NiJ9.eyJ0b2tlbl90eXBlIjoicmVmcmVzaCIsImV4cCI6MTc0NDE1NTAwNSwiaWF0IjoxNzQzODk1ODA1LCJqdGkiOiJlZTEwNGEyODRjYzk0MGJmODM3YWEzNzM4M2QwY2FiZCIsInVzZXJfaWQiOjZ9.WGGWfAoGW23eYkoaOk5Q4RnTgQF2sRAwOa5TRcopiAUpMjzvUa44oesjPZsNKIPWDbDkU_UxV5kD2q_cNHEsSxrBRPP1tAzUursA59DaRK-fwNDfTpBoOT2vPM-PIM_Ze2OF0YY3Xf3gA1F0_Wg9D1AEAUn3lQVs6ETnp1KAi-N-dTr9A7BMUeSmnODCCBI8FoDtvKqfH0f6p-ldHp5D32rrhG-UOs1laX33e4tvTJPgD435opxuNjbjCvzZwyVWAdSzW_biT1FfNUp95TWz22acqkC2D-QFUc02rr64j9Ud2-JUIXPv4yEu-aHEYq_swelCFpzkIgJySykT7trWAw','2025-04-05 23:30:05.235133','2025-04-08 23:30:05.000000',6,'ee104a284cc940bf837aa37383d0cabd'),(87,'eyJ0eXAiOiJKV1QiLCJhbGciOiJSUzI1NiJ9.eyJ0b2tlbl90eXBlIjoicmVmcmVzaCIsImV4cCI6MTc0NDE2MjU2NSwiaWF0IjoxNzQzOTAzMzY1LCJqdGkiOiJiYTljMWVlZTEyNzQ0MDcxOTY5YTg2OGY3M2FhYWI0OSIsInVzZXJfaWQiOjZ9.kAkuPlIz-uTTVeSXFTv7viVS4MXLVsU3QqQhAliFd4cerHuhe-eSJNhVJZKKkYRwYYV_57WzFRG_71aypPXTYkag68HEBe6-EQq6qfxwkxSvNnih26OHUSeAphs5qZKqmO3eREt7b7xyvHwRiTn58kAlAggSlvyIp8QiQnfGt5BTW-zzheh3UJphmfNoZDCYwaW9vGyCpnRr655v30jtYFNz6Y3PYfhmbt0E7dZ-qQwfoXv1K2JsjSPnu-tR1ZabW_aem1uvJyJL9oHbDd0Z3xdxYz8nxdpFeVJJ_y9PlJq35f6zWF4ci5-6utPnHaiI7TQdCt36KDNuN8Wshfi3qQ','2025-04-06 01:36:05.503742','2025-04-09 01:36:05.000000',6,'ba9c1eee12744071969a868f73aaab49'),(88,'eyJ0eXAiOiJKV1QiLCJhbGciOiJSUzI1NiJ9.eyJ0b2tlbl90eXBlIjoicmVmcmVzaCIsImV4cCI6MTc0NDIzMzYzMiwiaWF0IjoxNzQzOTc0NDMyLCJqdGkiOiI2YjVkODRlZTI1OTI0YWVjOWI4YTdmYjY3ZGIwZDg1NCIsInVzZXJfaWQiOjZ9.DSSbwaCUYNwMJu2-nuw0onXnP1MXOVRHd-aG1-Uz-D0Lq8lIV0LjsRyC9P-AM8P5-VgNtNvFHfM9A1OB6qcJLsh1gZxJZJ02G_i0CvPip4oR58FbeIpNJhL3OMplfinTKozyNgNm_L2QusQvhs2aP7UEAuWPntWmQNQ5jQFkrs9xvjcNJ4qrk4XN4c0EXq-NEe1ScfwcA3GJidq8j1PVk1Yj2YysqtliM_fO5M5hlVMuw-UgaUbYp16olXiJEqNapHc1BdnlnlbMTKPw6NOMWKVWVDjhLW4FLTZTuE54jeU3YpESjK3-15ACoynP_VEw5NOo6H5pgWPHHA7yV5CHDw','2025-04-06 21:20:32.884266','2025-04-09 21:20:32.000000',6,'6b5d84ee25924aec9b8a7fb67db0d854'),(89,'eyJ0eXAiOiJKV1QiLCJhbGciOiJSUzI1NiJ9.eyJ0b2tlbl90eXBlIjoicmVmcmVzaCIsImV4cCI6MTc0NDIzNTM5OCwiaWF0IjoxNzQzOTc2MTk4LCJqdGkiOiI2MzMwY2UwYTMwNTQ0YzM3YmY2YzhlOTY5YjcwMzJlNyIsInVzZXJfaWQiOjZ9.DXDpTf7WWpDKWn_vzIw8V_w_qUO0t8MQSM-cDRiCTL5MTWJqMJ3aniyC79X-w4POaiofefuorHMlkCjsYz2eO1Ueds95uSiAAlaTU1Lw5VlOuwc7W0OAuj3OhCJb0V3_OAJWEGtlXqgHBuN-0vzKkTTYknoxAtZjccAGVwbW7guIGvrU3BRru6u0wSTzYVGAzD3I-6zFPkwyK2lObYvBO593Cr3hu0s2lXy5rFtnjwB7VKF9jrU7L27cwSIk0LCzO0op40Xrcx8CCFGaCrNntmGz0e5hSya3z32HyjnwoG5-p6RJ3Afg_4k1QVRnk5hnj8kdmnqEXuThHYthTgvAmw','2025-04-06 21:49:58.772206','2025-04-09 21:49:58.000000',6,'6330ce0a30544c37bf6c8e969b7032e7'),(90,'eyJ0eXAiOiJKV1QiLCJhbGciOiJSUzI1NiJ9.eyJ0b2tlbl90eXBlIjoicmVmcmVzaCIsImV4cCI6MTc0NDIzNTM5OCwiaWF0IjoxNzQzOTc2MTk4LCJqdGkiOiIyNDE2YzBjNmZmNDg0ZGFiYWUxYTYzMGQ4MTZjMjhlMCIsInVzZXJfaWQiOjZ9.toKn0FsvGEZj4zko_k1JiNvRrRWjLnXyBM-ouTTFlz3Lff5JZbwWRgCS5YfLSebZKsPRCJE93nj-OHzeMssec9gwPpZyVAVHrRLZ7t2f6TlP0M0S5G2QR6O-7ITySRDAzm2Rcem7IOt7phOniPeUwnTm8Mv52IuHV4sNg5r1TdScwg6obZRkya4-RrCKTL0x8nagCq_BrS5sMF_NXWDZKpzEN0DWJqwYNq91vlxLFLlbYTlemlAQqSHNcgFaGfwpCkws2sVFm6ft5VEj5KEOZAcA8vi_ypO7jxEPyHA5lmHgrIWOEv7moJ_KGlgmfJlBysQZC3-mXQs28NvsKhitXg','2025-04-06 21:49:58.771776','2025-04-09 21:49:58.000000',6,'2416c0c6ff484dabae1a630d816c28e0'),(91,'eyJ0eXAiOiJKV1QiLCJhbGciOiJSUzI1NiJ9.eyJ0b2tlbl90eXBlIjoicmVmcmVzaCIsImV4cCI6MTc0NDIzNTM5OCwiaWF0IjoxNzQzOTc2MTk4LCJqdGkiOiI2ZDY4MDlkZmNiZTE0NmY5ODVjMzliNTRjMWI1MmMwMyIsInVzZXJfaWQiOjZ9.V9HkvcvCfyE1s9Z8jBWwOeeEL_GDcAOu1cucjJy1dT4YcKtwLiMfaV0hDUbYhhMTwECELT1nhHsstTm1wPmjkoEcyOxiwZ3oZ1JYOQ4E-EFxIB1Zrb4V6_0Bm0yTs_uFwj7BBT1Y94QkPvYmHfImYe62RHMVTLX82TE8PBH9OhvCgzkmIMUkbaFMnYKSniK8CC01TTuXvYpVftMXboR7UDXhPNJ2IZxk5D6nl_rPI5h7tb7tKeXIlb2BtM-ipq-vPLvTYDxyqj8APzpK6Aluk7HJL8bwY_TeZfbsaRhyz8--vI-dFDRGeSvoW72GwIVZLXaeYfvHNhr2ht0sxKHXnA','2025-04-06 21:49:58.770164','2025-04-09 21:49:58.000000',6,'6d6809dfcbe146f985c39b54c1b52c03'),(92,'eyJ0eXAiOiJKV1QiLCJhbGciOiJSUzI1NiJ9.eyJ0b2tlbl90eXBlIjoicmVmcmVzaCIsImV4cCI6MTc0NDIzNTgyOSwiaWF0IjoxNzQzOTc2NjI5LCJqdGkiOiI2MGI3ZTI0ZmMwOWU0M2JhODA0OGY2MGIwZDA3ODUwMiIsInVzZXJfaWQiOjZ9.QYge0u1X7XSXQS1tRBlPcxb0Tr_p5DfekW2yUrIGfLYx0meFzqqIVfYNG9l1A_GOQm6bPtycEsxRBUblm4LrRKvfiZRh2QttEBG4FuhPidTX70uVwTIxujxxSlrG_KGQ1LwhRpJCgrgZUWarAmVYnJNj6v9lRFzKhTXHUSBALMSYfntXegvP9k8UNWK_UNqilmn44DwDqv2JqBUsoJVSm298Jcx46aX8Qxif9btGI_nlFF_QruBTM5wxxPg_r9u-nXWUffTtIwRBapdyRYTi3DVwRFLGsyJosIMQUP8AFGBteQPUhIWnFa-N8dyjyEhQSvxLSusSk911Lg3aRHyvkg','2025-04-06 21:57:09.201091','2025-04-09 21:57:09.000000',6,'60b7e24fc09e43ba8048f60b0d078502'),(93,'eyJ0eXAiOiJKV1QiLCJhbGciOiJSUzI1NiJ9.eyJ0b2tlbl90eXBlIjoicmVmcmVzaCIsImV4cCI6MTc0NDIzNjkzNiwiaWF0IjoxNzQzOTc3NzM2LCJqdGkiOiIxODJiM2EzMzRhNGM0MDZiYTc1N2MyMTU2ODVhNjczNSIsInVzZXJfaWQiOjZ9.jWW53QTLJf01vuaSarF6s7SMi52xpVpyJLaEImjNjZhLbjN0YzY00cjezUa_g06H8ycMbXO5Xdx4spYchXqYy60GD_Pzu6xRBHn5B-9U1G-5kOwuB9sPFjclv1-LQiINzcCajg_jFvwDRsqJCu_mIxIJVi6QsD_kZQKP7qQlnS7TEAZXngPLtsTU_-OoG0iswiYKOtnS8-MRvSo1G1THigu737xASCiXJLbYluMbdV-mScfZ6zXAVjinNKydQNlXU4S8TgQqxJUa2b3RIorSFZrkZMtQvHMbxhLrhQL38SRJyPGlmboUmyjn7Lz__hNyCgMKhjvt1E-102OjxA_Wrg','2025-04-06 22:15:36.238787','2025-04-09 22:15:36.000000',6,'182b3a334a4c406ba757c215685a6735'),(94,'eyJ0eXAiOiJKV1QiLCJhbGciOiJSUzI1NiJ9.eyJ0b2tlbl90eXBlIjoicmVmcmVzaCIsImV4cCI6MTc0NDIzOTQ3MSwiaWF0IjoxNzQzOTgwMjcxLCJqdGkiOiIxYWI5ODNkYTg1YTc0ZjBkOTg4NTEyOTZiNGYzZDM3YSIsInVzZXJfaWQiOjZ9.YlhS1kn3-vQ09qBtLuq2SekH7ehhaS6tsabFREk61iBAVOn34HbsGb0ynDXM2GP5hCMheNUK2VTbSlRF_1Th3f8siXJiyhptrHbzwmqz7QwwLprcuPFWq4ZLRejyf5vCZsqY1hCjfS48xOwticpa0tY9agk8o6BPf4cvVAueVyJ9pxL0Ri0JfFRIrVR-lfFiNsAQzdR9rfDu6whv3A-K4kyCffk3BhdT9UJGZfptVWNfDgu4SIClMlCG-s-TSisV5e8pr6nRQfYuF3bQrNP1qPuGPqgn8zfi7Wewy59NyCK33quESzlw7qt3Ab97pCbC27VvBesu4DGeVSutzrKrZQ','2025-04-06 22:57:51.178639','2025-04-09 22:57:51.000000',6,'1ab983da85a74f0d98851296b4f3d37a'),(95,'eyJ0eXAiOiJKV1QiLCJhbGciOiJSUzI1NiJ9.eyJ0b2tlbl90eXBlIjoicmVmcmVzaCIsImV4cCI6MTc0NDU4NTQ3NCwiaWF0IjoxNzQ0MzI2Mjc0LCJqdGkiOiJhMGNmZTAxMWVkNmU0YmJjYWY5ZTkzYjZkOTgxNzVhZCIsInVzZXJfaWQiOjZ9.lVbKE2QYsCBjmzkoBY5UYdCjsFF_4pF2bK44wy211k5XF9xucE_0GuzUVWd1GZ11u0nUNKXC6UREfEIFVv7SKVqGILN64pEhpWCNZjKwxNNvhvRhEpQxt7WGlcIkA0bfYqtRPdaMtyN-g_OaJVivA5PPQ56u-ziYM7iiHTMw0MOZFefx9Hx2esPgseg5D1kQ88k7GYBmataPUYLVzz-o-MsfW6cUPTL1Dyxusw832iD4rW2gzEry3_GRKqivoQ5DpVdjk-vqVMHuHCpt03WR3iimdX4OT3BEz0slI7VVyj1lrn9d9CZnkZw65NEF4gYP8Sguk_KV8rYb0_v65Ou7tw','2025-04-10 23:04:34.277085','2025-04-13 23:04:34.000000',6,'a0cfe011ed6e4bbcaf9e93b6d98175ad'),(96,'eyJ0eXAiOiJKV1QiLCJhbGciOiJSUzI1NiJ9.eyJ0b2tlbl90eXBlIjoicmVmcmVzaCIsImV4cCI6MTc0NDU4Njg0NCwiaWF0IjoxNzQ0MzI3NjQ0LCJqdGkiOiI2Njk4YmVhYzA5NDA0NThlYjAzNmEwNjIyNWY4Y2Y5OSIsInVzZXJfaWQiOjZ9.y5FaRLfBes3krYut1AfsUvZb0Nacwm5SAb_x3qR2crZMD0dJlfqNYocqJXu4LX83Yb8brGKO0ZOs0ZXmyJx-jhwTZ9MldUh1Y5b3F7tQ3Vf2jC4x6xmsrDKtX5LtHUbWW4vB0tZfwJuawRtrb_HSWldLhFTtmyavULuk_GQfKt3GIxu93ayO-FE9BUdSpZPGbHUaPAISL4VQLXvmsgLy1vI8yhy-pxr4wort2FryGXOegDqBxLsSsZipE0BVqGpk53aUOXUE4zfDGnjbl7tHpXIn5b6VoUhrVZ0zcM03EqVkjH9ZFrX2cTONzOd5I5Df0nk119fIRVVKMl0K0ImRfQ','2025-04-10 23:27:24.962834','2025-04-13 23:27:24.000000',6,'6698beac0940458eb036a06225f8cf99'),(97,'eyJ0eXAiOiJKV1QiLCJhbGciOiJSUzI1NiJ9.eyJ0b2tlbl90eXBlIjoicmVmcmVzaCIsImV4cCI6MTc0NDU4Njg0NCwiaWF0IjoxNzQ0MzI3NjQ0LCJqdGkiOiJjOWM0YWY3MDE5MjU0YTM0OTc4Y2M2YWFmNGQ0YjZhOSIsInVzZXJfaWQiOjZ9.D9_61mXzJy6l3VoCqhluMgZn9SpFq-h9dd3tyl1XDSZ1mlwz8SmHO5of0JXfIyu43FBnIeOxgKc50HEVgFBsw2CJrEukES7LMWP27adPwHqVvDpyKa8S-iWpE7g1Q4Xt6V3bal-4M_WcG7CqzKy3jRO0IqVuflIIA2Yq28HNm2jOZlvbAEg6Wl85ti1AFTrGfBca13-GdYlcugpuZtvjBSzmn6SituJtDXQQngQPUQrqqVd-XhblRh3G95-jN3n2p61eyNf-OcWW8vELtf05FOVmwj9B7y1se-0LUpZiZd6inEYhoEq3WkodkK1RQjYtV-nvEHnIzcYlQnHmjEuZkw','2025-04-10 23:27:24.967204','2025-04-13 23:27:24.000000',6,'c9c4af7019254a34978cc6aaf4d4b6a9'),(98,'eyJ0eXAiOiJKV1QiLCJhbGciOiJSUzI1NiJ9.eyJ0b2tlbl90eXBlIjoicmVmcmVzaCIsImV4cCI6MTc0NDU4Nzk5MSwiaWF0IjoxNzQ0MzI4NzkxLCJqdGkiOiI2ZmY3ZDY1MWVkOTY0M2I2YTc3ZWQ3ODM0ZGIxZjY2MCIsInVzZXJfaWQiOjZ9.0XEXw73_cKrevyuNTOAiqM2ETZpWFev7t7WnvF3igR4c8CWgMDHJTWlWs5chjpC0CRosVqrlou9Q1dw0wE0tqJG58BbwuxCi_goMEGnZN5rkI2p5yNLGfxnvXITZZToFJG1dUXJa0lP2tyDk0xRoR-dxrXoHGzeCHrIEVKAcvkmmPz0wqYOXgJaw2MG1iUrNr9pR8jQz-jbVORkQP9BjVWF3bQ-24L3TOZtrEhyR55kG-6kCJnV8jdfdsclTE3DwdoXRSv9pXRYv_KPffkSfT7K58E6WNN8p9XYAckSrkTqLaQnt9MDml4kLCwahhb3Th38H-cg20Ov5MLvoUkFC8A','2025-04-10 23:46:31.106737','2025-04-13 23:46:31.000000',6,'6ff7d651ed9643b6a77ed7834db1f660'),(99,'eyJ0eXAiOiJKV1QiLCJhbGciOiJSUzI1NiJ9.eyJ0b2tlbl90eXBlIjoicmVmcmVzaCIsImV4cCI6MTc0NDU4Nzk5MSwiaWF0IjoxNzQ0MzI4NzkxLCJqdGkiOiI1ZmIxMjRhNmQ1OWE0Nzc5Yjk0YWE5Mjk5MDJiYmIxZiIsInVzZXJfaWQiOjZ9.UzDPv0XFtSzJJZZSP-T_4ptYVVM7PbhP7R43wbB8fI47D25PGNeqQ9dwKsnUkVlqHzxC-nc_c7aRPn379HtudSFN8W-r704lMwbCn9DsXQUbiH4Z0y2fkbalhskdP5ybaiEtv_87lawPRLhzGgs4baZYw9RkTzC-5w_7c3m7SObxpSkQA9w9mTbe8g90mMVj_YY0ERWhnYVuadbHPVPn9N8CeqFJoLz84yv7_hXMbQnjnognFK28TNNvFsSZcwrHNp7RYy6Pc7oqe8Y45Amf5wGkv7lJDAKhpsUod4hVBNneJ8SzCM8VPR93si9DmGIDbcOPOoqO7sg1fyBBdzHmPg','2025-04-10 23:46:31.108488','2025-04-13 23:46:31.000000',6,'5fb124a6d59a4779b94aa929902bbb1f'),(100,'eyJ0eXAiOiJKV1QiLCJhbGciOiJSUzI1NiJ9.eyJ0b2tlbl90eXBlIjoicmVmcmVzaCIsImV4cCI6MTc0NDU4Nzk5MSwiaWF0IjoxNzQ0MzI4NzkxLCJqdGkiOiJkMzhkZmQxYTUzZTY0ZmU4YjMxZTVmNDZjYjNhZjNlZiIsInVzZXJfaWQiOjZ9.MGty9_iMMYNBwF0UFxFPyHycdk7nkYuVaE1NAH571hjqIQGKu88yoCK5k3L9VVk1lzlY1IgGs9cGftJ6Nj6dhqdIiT2qmC7hP0boVgm9E5GdQApspET52JQgGhli3Ey2-u40en7v9MpbW6KEV9L8_-JMhSU_NXpz59nnhR0c28mcLKa6CcbcU7G-SQddirVNwsX5_atfRR6NyVnrLXv5esi34WzQPSlfti5bBs_8heCOfyjExyTOPOmXJ8W0H6R5JHqtP2BTJZxSCOwauhiF2vc8prJDuTrvpmDcQtQEXTq59NHLHDHHSYsnrb0eg8nMpIroEglmCIfFBGK6K1J_rw','2025-04-10 23:46:31.112916','2025-04-13 23:46:31.000000',6,'d38dfd1a53e64fe8b31e5f46cb3af3ef'),(101,'eyJ0eXAiOiJKV1QiLCJhbGciOiJSUzI1NiJ9.eyJ0b2tlbl90eXBlIjoicmVmcmVzaCIsImV4cCI6MTc0NDU4Nzk5MSwiaWF0IjoxNzQ0MzI4NzkxLCJqdGkiOiJlYTBhMmYxYzFjN2E0Y2M2YWE1YTc3MTlmMmI2MDA2MyIsInVzZXJfaWQiOjZ9.HDNpTPT7J3U_ot1YX-IN9y0oBFUUSSDXa5paf2bwwRltS1kt6BWb2441ciDd3c_niD7trLo6tbEJjLBbC88ubxFq1paAXYLRJMlQ8Uum8Fiv5haIG3FB6og08831TEINSZY9NQqhZ-KKfLOcEzcKDcGtZTw3ghEcIiwRJsI_e19xMT3hw1aNB8SunDda92U30pDo7i62qQ0cNFZfbIJxfZiATFsjfIW2sRSxpJ9GIlm0PktvmDrU9tpGayIkOvz7uhU6wdrAcPgs-dh7t5Nt7UpnNX3967hrARgA_qNwRo6HRx68AlIGtqpx39HlNsqYP_PNDNlcNQ99PnhwMEJX-A','2025-04-10 23:46:31.118498','2025-04-13 23:46:31.000000',6,'ea0a2f1c1c7a4cc6aa5a7719f2b60063'),(102,'eyJ0eXAiOiJKV1QiLCJhbGciOiJSUzI1NiJ9.eyJ0b2tlbl90eXBlIjoicmVmcmVzaCIsImV4cCI6MTc0NDU4ODc0MiwiaWF0IjoxNzQ0MzI5NTQyLCJqdGkiOiJlYWE3OTExOTk3N2Y0Njk4YThkMzM0ZTQ2MDRiMWY5ZCIsInVzZXJfaWQiOjZ9.tL-4nYwPTG-Qh1bOs83ab00n1wNSlsc50QYHx7_g2YGzqd1sS81SNacR68tp-033G9yzZrzgE51m2R2XZqb6yrXdUxIpEQOJb04Zrd27bW4KDBWYkrG1MUkFDc3dJ9eg62AL0L0hOEJaayDtkrzhM27Mp8aLPXAxQil04dOQcvs9zjT5_i1BEcUadnBqxE-0AereE5yddcyjv2d8M4kraE5CB6yPc3bxVPSprxIduz7nV1cSkM4a4Kwk0C1rMg3R11ejP28PPNP7G6_fE5WP2b5L93DP-x1qkldBPF02Qf-3wZV3lUrUbIVrsAPEKIOhnpaSxvrRGYsUKizgw9daZw','2025-04-10 23:59:02.617498','2025-04-13 23:59:02.000000',6,'eaa79119977f4698a8d334e4604b1f9d'),(103,'eyJ0eXAiOiJKV1QiLCJhbGciOiJSUzI1NiJ9.eyJ0b2tlbl90eXBlIjoicmVmcmVzaCIsImV4cCI6MTc0NDU4OTU1MSwiaWF0IjoxNzQ0MzMwMzUxLCJqdGkiOiJjODIyYmI1ZTU2OGE0ZTZiOTdlZWQ4YmNhZGM4MTQ2ZCIsInVzZXJfaWQiOjZ9.1u2kKzBt5IFqIDLjQmnjc47qHCEpucj4fVln4gHwnozorJ_svuRaeK9KiltxPXokPTvaSg0d-VgjMvIHaQM9gfHcHmW5bktZzicHSsmiVuHT6pbmd1RHStWIYgjFAyattiOefRedtZx_PfoTzG6u6LC8gcmdUNMo9FUQmFoBHMntlwp7Idyn3aw6JnzWY2u07rasrvo9Kf2SXoIHD-lfwKmwNvoF470V-ZDAFy_DfVQnZnbyeUtJP686K4LQWPsS4eSulmBCgwNYz19MzyH_AcSq7Ntss7JHRAOuSoCUbWn50y1EREraRfmDr_ZzhBTVueIlDgi_SPW09ZYC9Q32fA','2025-04-11 00:12:31.900743','2025-04-14 00:12:31.000000',6,'c822bb5e568a4e6b97eed8bcadc8146d'),(104,'eyJ0eXAiOiJKV1QiLCJhbGciOiJSUzI1NiJ9.eyJ0b2tlbl90eXBlIjoicmVmcmVzaCIsImV4cCI6MTc0NDU5MDk4NSwiaWF0IjoxNzQ0MzMxNzg1LCJqdGkiOiIwZGIyMDljOGNlNjE0MDAxYTFlNzBlYWU0MjllNDRhYyIsInVzZXJfaWQiOjZ9.jtmgocTNXXKV8sOoLYPiKrlfMuYchc4Ij7bVWnv3PEsqueB6ZZD8wbS-o0dQUZHoTSs-j3-DB6HmXuJtzXhiAqV_GAUjfBDzAz-PKoPJtdtFM4jZ_V9WMkz7XaZEnuAoSGhfWHgdCcag60oTqtEHecLJxymUcFM2g-dmB_7fqG1qNJxsaHDdWjzNlTSKpyYAh2j_gztOPqqDBAdAT9_Z7WTTyPpbsRVtP8Da4LSGCG-CivKGwvJSDVPlE3TOE2siRC4aiUudsjeBbFOBsR8yRXqFjErDUJcISwkotqvgIctkUlp265iQEmgBBC3WbyCa9jSSpcixPzELwNdhZiOg3g','2025-04-11 00:36:25.267314','2025-04-14 00:36:25.000000',6,'0db209c8ce614001a1e70eae429e44ac'),(105,'eyJ0eXAiOiJKV1QiLCJhbGciOiJSUzI1NiJ9.eyJ0b2tlbl90eXBlIjoicmVmcmVzaCIsImV4cCI6MTc0NDU5MTE2NiwiaWF0IjoxNzQ0MzMxOTY2LCJqdGkiOiIwODYxN2MxMjBiYTY0NDM1OGQ1MWFiOWZmNmYyYjQyZCIsInVzZXJfaWQiOjZ9.C6RADviPHbBL0L96K12dZVP2jN2IHXIeA6RUMi_4oX9ktAlYHIZOxsidvw2znroDlHkgjKmgFhQHyCLRUUSrV4Q7sxf6jW_im-y-KvaQi8JgitbJdJn6tE_Na4wpA8E99GWTbKIv24VSirE5CWA8Wl5PkEY-NvEXZ3GxZFmI5Sx_gdhT0BUCTeWW0HpbA9GturHVrRKvyoTp2uUgTwpF0UPYqjuBnUKwk35VriY9OyV1J-JTpnFkVlkXmL3prHvH6PssdnL4B9O4iJcxxkj-FJPIYr7fvx9WuJTaDIz1QPZPuFTFj-2qK0t1KCTksrN3l4apbPmXkjGXtKaqBVoIUg','2025-04-11 00:39:26.721450','2025-04-14 00:39:26.000000',6,'08617c120ba644358d51ab9ff6f2b42d'),(106,'eyJ0eXAiOiJKV1QiLCJhbGciOiJSUzI1NiJ9.eyJ0b2tlbl90eXBlIjoicmVmcmVzaCIsImV4cCI6MTc0NDU5MTI5OSwiaWF0IjoxNzQ0MzMyMDk5LCJqdGkiOiJiNjFiMmQ4ZDY4MmQ0YTIxOWEwNjE4YzYwYTZmY2Q3MiIsInVzZXJfaWQiOjZ9.t2C-Gnn0XWnrfd-OpnqluvAbgD9i7qE5Im_cb0mXVafZEhk-QVFOcgdWC_3Jwq_IKxNBWqTNbwZt1wAJH1I6oItxxiGvzd_y1S3zOXGZq6PPFwejB2WDetztUSpQswPGbND5BzlG7ABu7RuBAxvQMTbZmWt4eWrntEAqoRW45Z-cp4B4_M5ipAbSC9roKEVUbKSqcRVZl7T1Ogxrx5Q_3cSbSx7okjxit3-wOW2RmJaOIMQUTyZOmItlb9ZI2HuCYdYudZcbn9MmOhE-TbEY6w2ZF3IWNll2yIOzQfxXVKXXVxiPi9sOwE0xIL0NGUfMuLaWY5VF8YcZaZ38J2-7tQ','2025-04-11 00:41:39.515726','2025-04-14 00:41:39.000000',6,'b61b2d8d682d4a219a0618c60a6fcd72'),(107,'eyJ0eXAiOiJKV1QiLCJhbGciOiJSUzI1NiJ9.eyJ0b2tlbl90eXBlIjoicmVmcmVzaCIsImV4cCI6MTc0NDcyODU5OCwiaWF0IjoxNzQ0NDY5Mzk4LCJqdGkiOiIxYzVhMDA5MjI2YmQ0NTVjOWM3MzRhMzAyNzBmODAwYSIsInVzZXJfaWQiOjZ9.i9BhrmaJ87ABCHZhGOrDA5oqvDI2aU6NYv5A-DPEFHJZZXPx9FwGPDDCajmR_RbI9M_rpE3QlzpdI-ZcdsKtOamJJ_BaJOhSCXbSaxakM1LQlZkYH9FPfMrKmWKmTchhrujq8LtrICekPaNRuFyMMS4MtgbiGQJZpaViykvgrbovQpRUPRkioAOBjpYavDWWlHi2tjnZaavjD9PsIi34uR0KlXj3vD4gMKkYluZfVszBGPv_v67foalROVWa9VbJJH3uj0_EZS86oP14LwRq-atTjbSehf-OZqlYC4jcnwN4e1r3lHMzn2LsuOppUV0NPytKPB3nLv4XhfpHa-VWIw','2025-04-12 14:49:58.307893','2025-04-15 14:49:58.000000',6,'1c5a009226bd455c9c734a30270f800a'),(108,'eyJ0eXAiOiJKV1QiLCJhbGciOiJSUzI1NiJ9.eyJ0b2tlbl90eXBlIjoicmVmcmVzaCIsImV4cCI6MTc0NDcyODYwOSwiaWF0IjoxNzQ0NDY5NDA5LCJqdGkiOiJlNWY5Y2EyYjJmOTM0YzliYWY4YWY3YmFhZDVjZWYyYiIsInVzZXJfaWQiOjZ9.OpfO0nk_2YL1L6U8i8iAhcfQzNE8X4NPHTIcVa4IBj7SgiOuvxGX68K2_GxHV7aAn1nYmtFBQ1RgQK9JEB7k_ZkVNZZ8X_HbjlWFzOVeI6oyYsyAOOtN2NJgDJ-FQvmX-aNZuZhrMOrBEpkZuauwDIlsg70C3162HvHzIsozE989v6i0mqe5lVJTXFo9ZXHZBo8eKIkdmC05EqsSHcvTzPttCfM73feSbdNmQIcDnnfVTTJAsdtLOROxsVkNLyV1YEZHzhZUCcvLxL3koGCseMohNJI3MoQlfLT0skdMHr7gkhhUcABLByIBMZruuUw6g3J73G0WnnFXEuHcfmJzbw','2025-04-12 14:50:09.126080','2025-04-15 14:50:09.000000',6,'e5f9ca2b2f934c9baf8af7baad5cef2b'),(109,'eyJ0eXAiOiJKV1QiLCJhbGciOiJSUzI1NiJ9.eyJ0b2tlbl90eXBlIjoicmVmcmVzaCIsImV4cCI6MTc0NDcyODg0MCwiaWF0IjoxNzQ0NDY5NjQwLCJqdGkiOiI0OTFhNWZkZmNiMzk0ODhlYTNhMmI0M2QyOTdiMGU0NyIsInVzZXJfaWQiOjZ9.oz3LF92rh-1qOzm4lxnsjg0pfKlkKvgfahA2eGfQO32vOJy8YXb-A4JscotYJY1x3kSyPnSJg7Xq0VV-o0u2EurvdEIboJ6knekViRRfkkb2_OWOI8Tzp61af2tnf5l033vkaFBoIXpkezf_A-JEmnPiCikrF4D5XNad0eDDE6ENuOJ9wKo4sD-ueJYmlczTSpDRWBf6wQeXO7PJpRagVtYVVofqelNuoOnwU6kn6xyKjVTXOgiwy17corJFyQTd5sl3SSqz3CjHoSo55aCcSRLoOnhGO-_-sUm7o1UEUuESHHVEqA1jJBS3rvUm9ZE3RYZ6gNXTU6jzkWJTiHbKzw','2025-04-12 14:54:00.535562','2025-04-15 14:54:00.000000',6,'491a5fdfcb39488ea3a2b43d297b0e47'),(110,'eyJ0eXAiOiJKV1QiLCJhbGciOiJSUzI1NiJ9.eyJ0b2tlbl90eXBlIjoicmVmcmVzaCIsImV4cCI6MTc0NDcyOTA4MCwiaWF0IjoxNzQ0NDY5ODgwLCJqdGkiOiJkYWEyYTBjYTA4YTY0OGZlYmUxMjA0OGNjZDAyNjBkMCIsInVzZXJfaWQiOjZ9.sSj4CuHoJEVw8xOY2hrUOrYUp7NfpOqUIMlFKx1RFbyfEFV-bAM5NqzbPIN_XaQIj_SVj9WU0WEfWEbX1JSsCmBl4VObAgO_eG3P4-MieGnoV_Tdly7RA-Bf11hyKKNmyVigv7yXljjxDOs3kzOFXb-3XV9J4YUD8uYHC2uHi3aFhb0n9gImsaJtBy1zOAk4nTG23UmPbNg4qLdoSK0t-oaJpgH8pniaSSGsdLSKBIasWnRYF5UgXg3iMoI-sw8HHkUwsRYV4XL-TKqRDPJEZ3wGFcTSBL9QZ2PciWkG6MwFjJp0Nlbqdx6FPr3uek-XLyfuPfwYm7CM2KacN-0G4g','2025-04-12 14:58:00.225142','2025-04-15 14:58:00.000000',6,'daa2a0ca08a648febe12048ccd0260d0'),(111,'eyJ0eXAiOiJKV1QiLCJhbGciOiJSUzI1NiJ9.eyJ0b2tlbl90eXBlIjoicmVmcmVzaCIsImV4cCI6MTc0NDcyOTM0MSwiaWF0IjoxNzQ0NDcwMTQxLCJqdGkiOiIxNzBlMzk0M2RiNTE0OWJlYjU5YjY3YmVmN2Y4YTg5MCIsInVzZXJfaWQiOjZ9.k4Bn6RV7aNZrtiHrzee6EBRIc1NWzWvrMiXaearUp39qpDoHTpyyZ3PxaE1gGbnYNkUW2oZnA0jpfAIYUu2n2e1i9sGmqGjkZi2zvFMteMpBp6tNt6mAWmItyRmm1vpHcTJTqmeB3xAUGKOnyLc6yqRjy7b-hW7-RywyTQ3z1xoKpl7rfZn3rqLRG_oukkcjQlfeFVR5r3aymXCCnFq0ybU8aabPYtrrr-1LarmQKn4FHCx2nwJnmv3PMz-iPCkv7ND4paFJClFHLrBsuObjA4sxtRW7yA7ze_IDE7hlpJ2YDR6iuhZrQf5uCywPUeg34a3IMUpfwHmB58Yi1bNjKg','2025-04-12 15:02:21.953937','2025-04-15 15:02:21.000000',6,'170e3943db5149beb59b67bef7f8a890'),(112,'eyJ0eXAiOiJKV1QiLCJhbGciOiJSUzI1NiJ9.eyJ0b2tlbl90eXBlIjoicmVmcmVzaCIsImV4cCI6MTc0NDcyOTU3NiwiaWF0IjoxNzQ0NDcwMzc2LCJqdGkiOiJhMGZjOTYwNDlhMDE0NTRhOTAyNmU2MTVhYmVmOGM4ZiIsInVzZXJfaWQiOjZ9.nV7EbenA4bdJCnUAbInS2CXywDcjNDFHdAYY2HP6uyufrt9-CgJ3fBbdRW4RtzsXAZdnZbfRRtA4mpGgdhlXXX0iI-64UaHcMDIThbogSMoiqJ2wjl2CzSkOvnZkFOzn0lfMx5gh7Icd_9WEDDP-AJzsFVeTR3ZEmyEQrt-y50h0eoeITeR71srZNYRUnpptnCm6oTP65kRHkCwSbCGVw4jijpyuLYv93amwrG4Se7vVd3iRACHwhD1p4XVEXWmyR7Q-Q_q7-0m29JTdTh9WfVxhBCn3kvE5sOgmvjejpUici3fvbeWkqAufPyW-AOsRpQSpkj0A-aKr3pziF4J1QQ','2025-04-12 15:06:16.817510','2025-04-15 15:06:16.000000',6,'a0fc96049a01454a9026e615abef8c8f'),(113,'eyJ0eXAiOiJKV1QiLCJhbGciOiJSUzI1NiJ9.eyJ0b2tlbl90eXBlIjoicmVmcmVzaCIsImV4cCI6MTc0NDczMDc1MSwiaWF0IjoxNzQ0NDcxNTUxLCJqdGkiOiI1YjU0M2Y2ZjI5YWU0MDE5YmNkMDVjODcxMmE0Y2EwZiIsInVzZXJfaWQiOjZ9.Tp-FWQmRDIdwUzx6Xc8R9e-ldKmn-yRq4O-V3T1cAbSER12TxIqtXHRYwdEsu_Ooujr_bKUytUC61-Pr76wp-pxR27O0Caf4gWOTi6gfnRsRGI-n30wZOQtquaFFwvGmjoKvF1TuvGIxPS3eAQ3ZjUvgcQkzb1gO18VhEFw_EmCr6HZZRbCZ1gouUgOgBAv7tQjlWHKAahZFX6vSPtNSXgo1te0xmNkzny4opQnMIJJZXT8-BMzPu8ahqCZMU45WDGYZrZrYTkcvY3z5XCJRCZmQlREH5jgdfQlPgnBJ_QBMPzyGYFs3_IPsOcgZHmeiSJkdfgRVpqjVZF1elS0N1Q','2025-04-12 15:25:51.130929','2025-04-15 15:25:51.000000',6,'5b543f6f29ae4019bcd05c8712a4ca0f'),(114,'eyJ0eXAiOiJKV1QiLCJhbGciOiJSUzI1NiJ9.eyJ0b2tlbl90eXBlIjoicmVmcmVzaCIsImV4cCI6MTc0NDczMDc5NiwiaWF0IjoxNzQ0NDcxNTk2LCJqdGkiOiI5ZTNiODdiMWUxYzE0YWMzYTk5MDYxNjliYWZhNTkzZiIsInVzZXJfaWQiOjZ9.UopovmXHs7HObeOlkC6qx2UcIX5uRJ_TlYTdJpE5C_7WTMdSzK3-e4njwMEx053rVC3l9iXBUKNkobRBMiprKDCbCmaoJmhzEBNmY-Nl08xB7BrTj-wajQabHfXuq6vM8uFSvnl_qGM76pv4B_dOfkPLzmU2bPgp60Td3QE_hIaEtlolCDfDhkpr3gMx4Vrk3hkuAH1Qc1bxM1YalWLMGLXlkdG2tAhKhMfOwDKS8W1VUILP9us_s4dlmdCGD47DcGb7BGzkK7MmL3MW3IXjooISOpqc0um3VJnebS0cIuISLAzNUj7iMZQcrmdqPCQMQdMsJ4LEwvCbD1RAzvvOQg','2025-04-12 15:26:36.747234','2025-04-15 15:26:36.000000',6,'9e3b87b1e1c14ac3a9906169bafa593f'),(115,'eyJ0eXAiOiJKV1QiLCJhbGciOiJSUzI1NiJ9.eyJ0b2tlbl90eXBlIjoicmVmcmVzaCIsImV4cCI6MTc0NDczMDk0NSwiaWF0IjoxNzQ0NDcxNzQ1LCJqdGkiOiI4NDFkZDkwNDM2MjU0MzU4YWVmMzIzOGJlZWYxNTZhOCIsInVzZXJfaWQiOjZ9.LcpBs_xGOZpblZp-sP53vK4MVDmMhurFMFeVO7f9mbHeH43fmCLgZlAj49ZonBIb8tbZEA1Sdd1soWb2qXSV3cvFS7H1eNOcaWlYPLKJyZ5fgCFBcO2zk1Qdivi2i7DadIOAMqkrbkSZITva1qCHAoj904Wq1jEFoO3AppSIYR4T_ecuDsiotPTX9vNaFXIytimPZuq-5HAiAAX82eoz4J_iyfZzWpUSaaZLAq8txl-EPok_fxTHQGriAQlwq1FvurqLuwJQQbkDiIHlyDbk1sAE5Lv4G2IQyzDzV7tK5NTSLy1po6H5cjJaYlipiOU5tzpnCR0ELcZB0C7KOqIsbA','2025-04-12 15:29:05.122102','2025-04-15 15:29:05.000000',6,'841dd90436254358aef3238beef156a8'),(116,'eyJ0eXAiOiJKV1QiLCJhbGciOiJSUzI1NiJ9.eyJ0b2tlbl90eXBlIjoicmVmcmVzaCIsImV4cCI6MTc0NDczMTE1NywiaWF0IjoxNzQ0NDcxOTU3LCJqdGkiOiI3OGNiOThlNTEwNDE0YzNhOTdkZjMwMzdjZTYxNTQ4YiIsInVzZXJfaWQiOjZ9.DSZQ75lx83mSXRJAC5ZHyBwaOdIylfv6j0dseJffRQ9_56tSCwV5q8FITXzdeddRB20pR4sIPaDlpd1xoZYqPhTzicplF_ynjFazAEkWKITFdMijJujVOwLRPo19rrKsTGEM9kUXl80MNno_iYoOCIevEYtCnePdZe32U4OsETA5vOyPm_vpYiG9v9WZvM7ETsEEllcv-g1RWONJWb2L8oH4aTRE9F1Q6ZI6qjVXIWR7HDy_8MjXzK1NLKllgqq-MJz1_CpTZVYYt5hnunyOx0IFW5jZhWLVyOtknrPZbC_TJoGCvW2qgOYV6tpvwjgtI31W3IHt4CTYuyjMNXVLhw','2025-04-12 15:32:37.283560','2025-04-15 15:32:37.000000',6,'78cb98e510414c3a97df3037ce61548b'),(117,'eyJ0eXAiOiJKV1QiLCJhbGciOiJSUzI1NiJ9.eyJ0b2tlbl90eXBlIjoicmVmcmVzaCIsImV4cCI6MTc0NDczMTQ3MiwiaWF0IjoxNzQ0NDcyMjcyLCJqdGkiOiJmYmViNzc4ZjU4ODE0OGVkYjBjNmE2ZDIyOTMyNjc0NiIsInVzZXJfaWQiOjZ9.R-bw6uqKeYQUM4-zHElA_UwZDersfTWWpl4YXW9qI-JZOXJUla_GY59Hq4ujMSyfqwarJfsf6BwmN0KBagH2js97A8gbwWIUFvburKNT74_zj1xWmWeLIPvjK98ehkbW6-Ry7_VQDLiwHRGrLuCC6JskUg_Snz6YNuAuJPD8LxAhFFIEf-ncSzabjABN2ndjqCo1kSw4s0GpTR7oIceFuUiC3HycCZHv5c7A6Wo70hIehMaA0KjaU29Lc85STo9D020I5zqjE7B3Gi-C0WnDQ6y9jCDKbiH72yE3E4bZEYst9vRkKXGfJnE4teuetmBnA3Hw8XgMKZysNqRkIx7vuQ','2025-04-12 15:37:52.945518','2025-04-15 15:37:52.000000',6,'fbeb778f588148edb0c6a6d229326746'),(118,'eyJ0eXAiOiJKV1QiLCJhbGciOiJSUzI1NiJ9.eyJ0b2tlbl90eXBlIjoicmVmcmVzaCIsImV4cCI6MTc0NDczMTczMiwiaWF0IjoxNzQ0NDcyNTMyLCJqdGkiOiI5NzYyMGZkNzAxNDM0MzQ3YjQ1NTIwZGY3Y2YwM2Q2MSIsInVzZXJfaWQiOjZ9.KxpmZCU1OJYmZKhjb3JRolFWSlnWpKVEwkcDasj8Cq68vHHQJK5ck3OH5FLHh_feDxWbA9v7dXVAHcVPtiM8rE9-9dAupBVAL7iafs8Sb8NcUD1orRarflhuO6r3e4Qk5bbVYKwO89hv4NLhGWqcgndnZAVa2M_gz0iAi31GEu_ioNBRLrQyo-YRV2r5CUX3fxw99xPxwQXKBM0Py_P3rZBscAtV9O0qUKT_x7xzAtKXK8m6cvMJbsxN6Wobe06hpJwHkppWIgjVZpKZJrZcE6vJTd76xlr5vxoIndn5Pa41r8IQao2l8REcEDQtDOTDZhBMTAbUBjP5YLqyLuYaqw','2025-04-12 15:42:12.136421','2025-04-15 15:42:12.000000',6,'97620fd701434347b45520df7cf03d61'),(119,'eyJ0eXAiOiJKV1QiLCJhbGciOiJSUzI1NiJ9.eyJ0b2tlbl90eXBlIjoicmVmcmVzaCIsImV4cCI6MTc0NDczMjkzNywiaWF0IjoxNzQ0NDczNzM3LCJqdGkiOiI1YWUwMzY1OThlMDc0MzhjODBmYWE2MTE1NTExMDI3NiIsInVzZXJfaWQiOjZ9.ZcM8dlndu33KblMEAT-OfpC6weSeLh22za4jZDzQURFC7XHvd5ioAxwfCxiIX8FF8jYCF8Ff9jpnqafUG4JWe8CvtL20VoMDX7PgP2oAZlvYeNqA-bLDeBs_-2L3EPUcdIS7cOYDdD5X6hpK7YTTLwZU9m9k8sPmUQAlJwI6d2a_ybKU22E6WUMvAnQpWx6hkpr_lTY7cYFkevECmr9HoQUxsVxQp66_EGr3R50BRIL3X3DjwG_PSzizORP1D9Wm6Oy24OnL_qscPszZjCcdETP2pLKTbUJAmKKjXHnJ8bWHm9nX9vRSIkf3H2sxOd6D5xEfkcuj4s2c77rChsuvhQ','2025-04-12 16:02:17.573906','2025-04-15 16:02:17.000000',6,'5ae036598e07438c80faa61155110276'),(120,'eyJ0eXAiOiJKV1QiLCJhbGciOiJSUzI1NiJ9.eyJ0b2tlbl90eXBlIjoicmVmcmVzaCIsImV4cCI6MTc0NDczMjkzNywiaWF0IjoxNzQ0NDczNzM3LCJqdGkiOiI0NzJjNDhkZjU3Njc0ZjgyYWY4ZTZmYmUyMGZhMDdlMSIsInVzZXJfaWQiOjZ9.lWCaINwbzIbinWGWC2NpTw1m9bjfJyG3lc0MBUiVDZ6lPSXMHgfVP7te2GzvYIKM2eajbHV1u0cQuviu79jjwoVvFB8rt9PKJ7ezzElcAuSNvpwdwQAWqz3NXNpfFLe3koidwb3zka8SS1DAxJBxhYOXy6gn5iMtg7MLoReBWNTeRuXt4RFOgIGWvIePaUeOQmDgCesFZVhjUXqXXp0DAcU3mv6H8HogT2EZW1TJay6fmet96fEmPb8enTAyiQJpIP4RyiPla80udpmD8znlqZvWzcJ4SaJMFUbtbTQg3R-U1G9OlxX7ORewgALQocSQxvCjSC2FDmKVQS4Mg4zboQ','2025-04-12 16:02:17.577730','2025-04-15 16:02:17.000000',6,'472c48df57674f82af8e6fbe20fa07e1'),(121,'eyJ0eXAiOiJKV1QiLCJhbGciOiJSUzI1NiJ9.eyJ0b2tlbl90eXBlIjoicmVmcmVzaCIsImV4cCI6MTc0NDczMjk3OSwiaWF0IjoxNzQ0NDczNzc5LCJqdGkiOiI4NWE3ZmNmYTkxMDA0YjUyOWIxNzgzZGJmN2E4MDQxYSIsInVzZXJfaWQiOjZ9.tqsZ5StPz8uzgTTwCYLcZMDUCT8xymCc0P-lQ33Jjy3jmkcoWm4S7DZlugqlxqIjDvjZuqfT3fNEFZkAxDR7UI4pT2EoZR_oz2NROwUqSSkziSNLEYGUjJ-KbtYLgFhmccqUSH5byKCg-jrB_Ky_3KjwXRV6gnR6_RHS0EHW8bWljJiYCo-aRtOE4m4Mrz34kvtE7i7mLV109FX0JBBwkkZJAPQ_sTPEGoSrSuBDTq-pnhtqlf-bd6ONrku02s4TCT5ZnJp8MpFrWxK37VEtAmCa_pDljc78fDIIxqiYWhqk1jLrhdWPDiufiqHk0aTIsr9FUcO4qhyi5AOJ2p8yeg','2025-04-12 16:02:59.813754','2025-04-15 16:02:59.000000',6,'85a7fcfa91004b529b1783dbf7a8041a'),(122,'eyJ0eXAiOiJKV1QiLCJhbGciOiJSUzI1NiJ9.eyJ0b2tlbl90eXBlIjoicmVmcmVzaCIsImV4cCI6MTc0NDczMzkzNywiaWF0IjoxNzQ0NDc0NzM3LCJqdGkiOiI3NmM4NGI2MjY2NjI0YjNmYTkxM2JhOTFmZDc3YjBkYiIsInVzZXJfaWQiOjZ9.T-7vuSqgAuUAvny4kquBkeMMKMhF8Xp5Nzx8C1kKTfQblex_N2xY5-kgYC8Po-tkbPOhQkCieDLf1WheX2MVhjAVH_1WB7VyrMW1afRPm0ogAlz5T5QmfBwXjos0QVRlPeEANXxLRhN2euqfqmAzxisjv3Dm8oz6yYJmBhXUaMCTtFyw5-Wpm5gKkpAkDKZyHs1qvJ5_R0H1J3KzIhtQ_We4VXFBa6--9m0zKm3rcTSXzDhaENSrDh48cN15da4pZsYmPNqqeow3BmV0H5OxQ_5A9ZkNeGSCriGwh3sIBaVV8MxH3JFHdi7petdlWkdORFaTcvYeZCAx7socNTmW5w','2025-04-12 16:18:57.735972','2025-04-15 16:18:57.000000',6,'76c84b6266624b3fa913ba91fd77b0db'),(123,'eyJ0eXAiOiJKV1QiLCJhbGciOiJSUzI1NiJ9.eyJ0b2tlbl90eXBlIjoicmVmcmVzaCIsImV4cCI6MTc0NDczNTY3MSwiaWF0IjoxNzQ0NDc2NDcxLCJqdGkiOiI5N2RjNjg1ZjY2ODI0NjgwOTQxODQ2MjFmMzA3ZTkyNyIsInVzZXJfaWQiOjZ9.CtcTd9DqcEFjearaKjQXRAsB9hk3fS9PtwWcyoqI4V3ulVJBmmx6gHbQecD3PdGuRYN39cBypKElwFPKIA3VZ1s_Ppfza5AhgA_-RmRSwIIA1Ra-AdB3ByLkEPb5ShwzhQrJZtu2WZB0-_Yyhx6iVtQpI1HU45FLrQYraQPkpE_gYfbyS6f4MVrV05v4Rrv80u3E8MGYvsUmisTjzz_9xM6XlEf84hNvZss9y0cHF16kpMNn8ojZLamk-vutR_vIVh_vAtrW80qY00mLeeWBxb1_HyARw79oujq8-Y-LNJtQhd_FCR7KbNbvjepW8I0VMFyez7sZF8Hxtb3andkMgg','2025-04-12 16:47:51.162055','2025-04-15 16:47:51.000000',6,'97dc685f6682468094184621f307e927'),(124,'eyJ0eXAiOiJKV1QiLCJhbGciOiJSUzI1NiJ9.eyJ0b2tlbl90eXBlIjoicmVmcmVzaCIsImV4cCI6MTc0NDczNTY3MSwiaWF0IjoxNzQ0NDc2NDcxLCJqdGkiOiIwMTk0ZmUzODFmN2Q0OTlmOGVlMTdlOWI5YWRiZmQ1NyIsInVzZXJfaWQiOjZ9.cUSBhUa2TQs1n3nmXjGMW57KaB3U_ZG8jVdh7KQIzg3Fjpotz1iUK-xg20Y3DkzESCKApT5WZ6WxV8m5Hx7or5C2Hizb_CB1qnFIDqbesovQ4dP4b-PXXCWMm-gmjUabauIf3o2JF62PhDd7DPk1k-Z4M4_QD-31-RUniGebNpiRyFYcqoQ_sTdnqSIkO3WNRyUPBueSMNtsLeZVoDE5kw9USJP4VQwJIWOj1ayP3M0LQblyBHfp1xAHgW-O0D0D_E1uQvITuM1KnP-BQu5aYNlE8_3Th4Dh8XH_DRwXRppsKLDirB2oJ80mMeMJyXglw5qf3jMQhV_8bSCzSMEa5w','2025-04-12 16:47:51.181850','2025-04-15 16:47:51.000000',6,'0194fe381f7d499f8ee17e9b9adbfd57'),(125,'eyJ0eXAiOiJKV1QiLCJhbGciOiJSUzI1NiJ9.eyJ0b2tlbl90eXBlIjoicmVmcmVzaCIsImV4cCI6MTc0NDczNTY3MSwiaWF0IjoxNzQ0NDc2NDcxLCJqdGkiOiI1NjZjYjJhMDk5ZGM0OTczYmQ3N2YzYjk3YTgxOGY0YyIsInVzZXJfaWQiOjZ9.JoHFG5n35U1UbOG5pFdWR9wGb9IGnvIk92O90WG-TfSn7T8fzR1nTsuDip16g5W5Ph2PbQGmlnuryjQK7qX9mPtlSrNQQoHbt2Qzw7KII-0dIFlSxhy6JMi5cu-PwzngKEXvHTBirCSM-fYU92d2R0i8lgrxHrq2sOVHv0DCtep6Ge68GVK7FZbKV3EbQwddgx_nleEhkd-CKP9wu1__itQ-BGhzPaWaLemDWqQfVF7svFtXRRIO-IBDXUSqbtHZFXNWDr6NvAFcUd8jD6lXfg5d8mxwvjBUIAlZvpqJyfbQr-YoAAPKo7UGFwbjdDBwjVRqGmoOPcBS0dxNgdEwYg','2025-04-12 16:47:51.163488','2025-04-15 16:47:51.000000',6,'566cb2a099dc4973bd77f3b97a818f4c'),(126,'eyJ0eXAiOiJKV1QiLCJhbGciOiJSUzI1NiJ9.eyJ0b2tlbl90eXBlIjoicmVmcmVzaCIsImV4cCI6MTc0NDczNjUwMiwiaWF0IjoxNzQ0NDc3MzAyLCJqdGkiOiI1ODc4ZmIwYjMyOTE0NmZhODEwOTI5YmI4NTQ3N2Y5NiIsInVzZXJfaWQiOjZ9.VCLWRTP9dAwruqsmN1IHC1qHOBpgW-Z3QGttjiG5sxSGphW016Ab1AfUM5xi_yPr0yXjkyouaJcbs5SC5_O2JJk4eo8azC5RbLwxhfOT282_wt3-zoh_bqq9DkvDkG-QrASJC8K8N4G_gm1jwJgu0DG63K4ktn-53Jgb3SSdpfAj6_nHwIafX8O-_kGa8hELVZ5igU0b0zmbwxkwugF_LriClcb5lRc6G1Wi8hWhEHGjGQIScfZqyQIytcaZkgzcEBLBp75Bf9fsR8FUUt6f2yMsMaFnd2B-dgITaB3mDoyTsf2yE1slmtsjdNscOIQOenM90E8nA9qgCIwGddL2PA','2025-04-12 17:01:42.025105','2025-04-15 17:01:42.000000',6,'5878fb0b329146fa810929bb85477f96'),(127,'eyJ0eXAiOiJKV1QiLCJhbGciOiJSUzI1NiJ9.eyJ0b2tlbl90eXBlIjoicmVmcmVzaCIsImV4cCI6MTc0NDczNjU1NywiaWF0IjoxNzQ0NDc3MzU3LCJqdGkiOiJjNDk2MDVmY2M2NDE0Yjk3OWExMmI2NTdkOTc4MzdiOCIsInVzZXJfaWQiOjZ9.vt3FaRk--tzKQGOt5d4g0KnahkSpSFW-ExQGRHb8qxusMo78Y1lDwLxJk11SMJ7EAQdBV_Wtm161t_QW9DVhDu3dlfxcL2iR-Mi39DMMA-fbTO5DHIhXD6unhA-dtY9kbyneRgodhJsuq_kZ-idlcD8qs6n2mCcF-cc0Y4_y6pF_xPZY6R4zmJTdEUPDYLqtbuvhTqdh4ycWdTeWojbWtujVVgtMkhm13TKlYRmX4Gn3tfrGbYivlm5bHeAlxQ8Z8z__4TF3WxTuSF1MxIKWK1k080s3uZf8DKuY3bim5BW1RLinJ87DPlCrzBeEvg2KuvOrPNNLjHTjzmI6txTwVg','2025-04-12 17:02:37.267244','2025-04-15 17:02:37.000000',6,'c49605fcc6414b979a12b657d97837b8'),(128,'eyJ0eXAiOiJKV1QiLCJhbGciOiJSUzI1NiJ9.eyJ0b2tlbl90eXBlIjoicmVmcmVzaCIsImV4cCI6MTc0NDczNzUxMSwiaWF0IjoxNzQ0NDc4MzExLCJqdGkiOiJlODdiNWRhZjE5OWQ0N2ExYjI1NTk5MzcxZGQ4NGUyNSIsInVzZXJfaWQiOjZ9.glfGU10Y7rWRkjByzsNHmKmoF-_F0RO9EhcMDVowgKLR4jE9Et6znkzFtlR36CdXkMrDklGtCBkHqTN6Sk_GeZxe99VXF4rr3v9QlNzJWcEHU7vOZAljtRkBOzwUfPB3drRRbvBUgyqAT1z_jara0bOo2UsdBg4az1YdhN1TQyrYYqqcrNkqFYPfaOyvyepFLJYVEiMhknZzHVJcfQDnCStY2oc2nAr6a-YxJ5HDp-NX9l4CdZ2cauPbXTVxwUEe3yxZh73vtISzDhMjh3mi4It7_5xg-1PdaCTj7H9vospUpmmSypAfzRv5ksVB-jHLsK5KkCviOx4bECW59eqHgg','2025-04-12 17:18:31.297038','2025-04-15 17:18:31.000000',6,'e87b5daf199d47a1b25599371dd84e25'),(129,'eyJ0eXAiOiJKV1QiLCJhbGciOiJSUzI1NiJ9.eyJ0b2tlbl90eXBlIjoicmVmcmVzaCIsImV4cCI6MTc0NDczNzUxMSwiaWF0IjoxNzQ0NDc4MzExLCJqdGkiOiI4NTE1N2U4ZTY5Mjg0ODNhOWFkOTQxMmM0YWE1ZGFjYyIsInVzZXJfaWQiOjZ9.KYIpxkwX5QhOJiwqdMVcEajORjNFR-laRB99dfb773z9MW7Wo7k5lPb1P6eaagW8osmI7NLajeNZXqy8ruZlZhY-e6AEwPPcJaSzyDyDmk_HOGRhaZR2tRkjuLH2RI0fpwiG8k1aNqOK53L2l93ELmSEvGm8QyEaSuxLPzEfuX0bRr42hFtm7yp4cmco6jjiOslahrbx4HaSy0zTsZ_WSfqBbBOeUP1uTB1WAZIcDbEQPGakMeU4pnUwZMh9JxWSHaAgPOhaKq3oGJ6RxOJ6ogz1vEu3GqMMgEj0gb6VzBXq3YouVLyMRIhT7T5JqCq4NsUJhEA6IrCi8fbTQsltBw','2025-04-12 17:18:31.332806','2025-04-15 17:18:31.000000',6,'85157e8e6928483a9ad9412c4aa5dacc'),(130,'eyJ0eXAiOiJKV1QiLCJhbGciOiJSUzI1NiJ9.eyJ0b2tlbl90eXBlIjoicmVmcmVzaCIsImV4cCI6MTc0NDczNzUxMSwiaWF0IjoxNzQ0NDc4MzExLCJqdGkiOiJhNTVjNjE0YzIyMzk0YTljOGU2NTQ1NjVlODQ3ZmRlZCIsInVzZXJfaWQiOjZ9.plCCfPP6ugFLYt1e4dEWK3NBT1Br-irJrsD9IvB7oUOpm2vdTIvArS12ounT_l6hDLDLVNKI3pWSn-zSw6jDCtdhRBz658u-iwJkw7he0uIFriEZB1y_aZjT-3oiFifSkr4w_tzHNYQGJaLZLuX5tpFDFxP5ItJLtai5WebDumHUcSDCltr9AL4uy7vAYaugeY2Dbtf9xuoqvoZFbRqJ1_NUFeCAihbJACVLS46aUqNws_AvrITzchuPhWngew0nkfaUs-iio3aCbveymJE8q61AU7G13nJ8CHn7BOYNupuvWz2MsUYQ0fhcKlChxQV7_YGx-ZgPBQFTfeqlcNdULA','2025-04-12 17:18:31.367875','2025-04-15 17:18:31.000000',6,'a55c614c22394a9c8e654565e847fded'),(131,'eyJ0eXAiOiJKV1QiLCJhbGciOiJSUzI1NiJ9.eyJ0b2tlbl90eXBlIjoicmVmcmVzaCIsImV4cCI6MTc0NDczNzUxMSwiaWF0IjoxNzQ0NDc4MzExLCJqdGkiOiI4N2QwYjRmM2YxNWM0OTYyYjhiMDg4NTU1MDBiZWMzNCIsInVzZXJfaWQiOjZ9.ujuvLZD-dYcxgmPi5WglcSCHHlgABpRypqTI9iubKJgs5x7Api6irA2cuoKCQN0PRtjCkn3S9hme-zCF0K_9lzVzbRS5HCxkIb-Jwzp8t2Cd7FS6At8eKPOg7X3T4QcEmhVsJABE1LwJO7SjWb1G-ZQB5uOocvPcpXVBeuksQ6uhXw52HLd0uEe7jBZYQw9dkALS29gM8g_TgHN1Cc9ole5Ji5ilPOFO7fdLV_Z75uLoNtgBSxouApA2u_70QnQECfIQFbSWWe9yqyb4xRU_ZIIYHpB7aysTbz4wGzljzLQNBdlVvH6_0rBduzq3x7UKJyinJ-xxbmvBqW6jkTEQGw','2025-04-12 17:18:31.379781','2025-04-15 17:18:31.000000',6,'87d0b4f3f15c4962b8b08855500bec34'),(132,'eyJ0eXAiOiJKV1QiLCJhbGciOiJSUzI1NiJ9.eyJ0b2tlbl90eXBlIjoicmVmcmVzaCIsImV4cCI6MTc0NDkyMjQ0OSwiaWF0IjoxNzQ0NjYzMjQ5LCJqdGkiOiIwMDk0M2VkNDI2ODY0YTg1OWVhZjc3NmNkM2QzNTI5YSIsInVzZXJfaWQiOjZ9.DJl2gUV95mUXOAQ5UtPwMvJe9AXdnyWsp_bVfknemVnciBafQIvwqZHs31id4Kngp-wpsZIO9LEeh9GhUOb0e4_4pIbqNmePOTycc-jJlARifGqBj_qaj9Khkh3bwtmK1OcprG4571tMvY5oTj-645gQDAcJxjxr32fOVKI7lwnI2bnE_Tl9ByrsBr27iRk5RLP45mqaKLWr-cSh-Mif8vIb7jMFSEMlegFo94DD6128cn926y7SQ4nJwU-_NbzMWJirJK-8o56bq_Xae5h1pXpN_gQIBT0DXZEhqtwBU1UapodrmutpncW49AAgpv0GOhHg6HlgQk9p9aX746perg','2025-04-14 20:40:49.393741','2025-04-17 20:40:49.000000',6,'00943ed426864a859eaf776cd3d3529a'),(133,'eyJ0eXAiOiJKV1QiLCJhbGciOiJSUzI1NiJ9.eyJ0b2tlbl90eXBlIjoicmVmcmVzaCIsImV4cCI6MTc0NDkzMTg5NSwiaWF0IjoxNzQ0NjcyNjk1LCJqdGkiOiIzMTU2NzhhYmEwYmM0MTEzYmQzZGMyYmQ0ZWRhODM1MiIsInVzZXJfaWQiOjZ9.jkE71kR_npIWcBUILhSuO3-UthYRvBxb7MsB1NdruqeQFCc0Uqo0NM-MO8-va4fKHzKkGxqYr2hklGOLSMDoiW9IvrOK-NOaU17bHpezYkhUmteuVc53X4XEDg5FG3WxvJ8WRgIe7HibAyrtBGKupAdxEkPBSniyMu44BzfCvmFlSPgFfIjCG1uppKQA83lXZnbWUV_RDAnOeap5lOYCChAkYLZRQXbEPN3EoWUfv0j2sxjDFlGt9FYQCJ-CoNUPDDIOudr4jKSp_g68INUxfnEvCCCL21T04tjI4Zs9dBxip54iHHg6j2EzlSuHXiKpk-oHlG6CV5IiKPZGx4GsiA','2025-04-14 23:18:15.250464','2025-04-17 23:18:15.000000',6,'315678aba0bc4113bd3dc2bd4eda8352'),(134,'eyJ0eXAiOiJKV1QiLCJhbGciOiJSUzI1NiJ9.eyJ0b2tlbl90eXBlIjoicmVmcmVzaCIsImV4cCI6MTc0NDkzMTg5NSwiaWF0IjoxNzQ0NjcyNjk1LCJqdGkiOiIwMDIyNWYxOGVlMTc0MzA3OGQ0MWNmNGZjMGNlM2Q3YSIsInVzZXJfaWQiOjZ9.NTn-4l9sEqEHjWCtGqV0fPtuL9-89gWV7YreW7vXiy-6WRFQQnPluhfq3LSjhqojgKIMqX-4YunEqrPvrkmR9tzJGIbii31JStEMwDP4ltNfNkq-urDchsx2wLXiAaMMeNV_TW-w2IaIIGyd4e9Jb1T91daHbMj6WNArjEPjQ32vzp2VB0j55_7JeCBfd-Dr2MjcWzxoVN2rGKXS67-PnW3kNW90PpClEBvLY6dAH3AlfFwWqWxH-Jy-ZSyJRfHbWWMXaOqVnAqNSl_jo_3RHPCeZ_Y8A9Sq4Cv5WSHADmg23J5lZq8qzpxjskuUiSzvWqXw4LkK-N9xiX_nV0EYoA','2025-04-14 23:18:15.247798','2025-04-17 23:18:15.000000',6,'00225f18ee1743078d41cf4fc0ce3d7a'),(135,'eyJ0eXAiOiJKV1QiLCJhbGciOiJSUzI1NiJ9.eyJ0b2tlbl90eXBlIjoicmVmcmVzaCIsImV4cCI6MTc0NDkzMTg5NSwiaWF0IjoxNzQ0NjcyNjk1LCJqdGkiOiJmOTc2OGMwZmE0MTU0ZDY3Yjg4ODBlYTBlMmFhMGNjYSIsInVzZXJfaWQiOjZ9.ZRYzekcHm54ujmZDnH8XSUW3DM7q1rJpzwxPq-pr8hkrfbPe5nAb4HEDJCo73_o6Nlyd_XEp19IJAglmoDQPiwE9InJhsYfrXx7zPpwY7HqeUEaXaAy_Ql8FhuofCUyTHU2iyhoGaXqYHctv-hKyN6Fn7C3PynKCrZGY1w5yMNWPjO3KGU2lGAaGEmpflPN9GjojzB4hrFAaNX4l33gW4RJXxbrgw_gZ-guncl2qi3LDCRk0jkhJ1lsM_fur1s5SN7M4VJ9z0n9GvyuVk0whBnQlVZhQdG8BuTaB9dxUkvkcZIzeT3E0Fg3h3HkEdMgpaEkbymUn5BAgZMvlm-8WwQ','2025-04-14 23:18:15.247050','2025-04-17 23:18:15.000000',6,'f9768c0fa4154d67b8880ea0e2aa0cca'),(136,'eyJ0eXAiOiJKV1QiLCJhbGciOiJSUzI1NiJ9.eyJ0b2tlbl90eXBlIjoicmVmcmVzaCIsImV4cCI6MTc0NDkzMzAxNiwiaWF0IjoxNzQ0NjczODE2LCJqdGkiOiJiZmFlNTQwNjRlNDQ0MmVhYjY2MmVhMTBlYmNhN2M3NCIsInVzZXJfaWQiOjZ9.ykOBRV33bxd0YAwzelub4kOxJRpKVVyLp3f3h9ER0-CfoiMKWf_Leakg-oNux4qkh1aVmhyvC-zlmfgr11HN7x5GubCQr6iDcqVqha1XJ0TKUqxc91ULLbJKdUDqOBQp-I0p_kLND56XbxuJ0mOzUgTQ6BiZIXotvD0o--5tcaz8ifuHGSNe5zep8s21JtF28pRtI0YCo4yAMZD6aP-p4kiHGwLNcHub9OIp81cXa9178GvrUpsrDKCTG294W1jy02JpGRPKILXm4zt918phencM5cRvMXiCz3z32KX9sb0Fs2Jcg8vB2RMvqBzR0P2qPK6ctWiFNLriYcAqMa8wNQ','2025-04-14 23:36:56.833794','2025-04-17 23:36:56.000000',6,'bfae54064e4442eab662ea10ebca7c74'),(137,'eyJ0eXAiOiJKV1QiLCJhbGciOiJSUzI1NiJ9.eyJ0b2tlbl90eXBlIjoicmVmcmVzaCIsImV4cCI6MTc0NDkzMzAxNiwiaWF0IjoxNzQ0NjczODE2LCJqdGkiOiI4NjIyNjJlNmIyOGI0YmQ1YWIyOTE1YWNiNjlmNTI3NiIsInVzZXJfaWQiOjZ9.cchMRZX-ZssvFoaGrpkEsNrrf-kvD_QdiYvH3JokqEgDI4mWoPr3glCWJbqzvvXdSDFWNR2ODHhC6C4vADVtHKqp9j2QfuyCZe1HEl9h_kNjWnq7E_pBLAGpDFP8V6d-F6D1oFxmpQ8EG2HRrP9xfPnLoTLQeQ_uG81Tr9yfIBamGPhH2qjs1_k1359sq8amkvDFpLBeto02ic7tByLmREGxdfQ0rGxSJIwnDov-uJ3OqQalwqJwjBAWoHr6wkT42EmU8UfBZCiuSseqnNujLz867qZ73K1uNoNc4XlP8T3kzoW7cccfSrqsBIjLznP5Dr-m1pFTrCSSEuEuE2V9CA','2025-04-14 23:36:56.851066','2025-04-17 23:36:56.000000',6,'862262e6b28b4bd5ab2915acb69f5276'),(138,'eyJ0eXAiOiJKV1QiLCJhbGciOiJSUzI1NiJ9.eyJ0b2tlbl90eXBlIjoicmVmcmVzaCIsImV4cCI6MTc0NDkzMzAxNiwiaWF0IjoxNzQ0NjczODE2LCJqdGkiOiIwZjlhMmEzNzYyODQ0OTU4YjJhMmY1NGQ1ZjFhZjEwNiIsInVzZXJfaWQiOjZ9.FV4ylraiBmPq0nBkrkiLErzWZwGJNKenSR-sqECi9bl8y1rTsC61vFjhVYBV-z-0SNbTAGqu1C5lcbFjlmHR70mrm-EHJwl_AEi9qENaVEA6J2zOHfmKM525cb9oPZJJQSG6fUATSN6zX0DG-PaN1Vk6vwv-5XYiSNt4kw41q2CoHc0bELNpGMWuZxh3zFpDvup-uHL6f3sI3tb73jIfwSr8gy54ziFEsUzsx5aMLwI_g_QwmTH4kxJRcldBlv5wwnr9zW3RNpnzm281X94YAx3DrjA_X2s5HW8rUQ2lQxow8m56hLIencRFPqlPxkJbcHbrinzbc7FcV7Zu3g2Lrg','2025-04-14 23:36:56.838343','2025-04-17 23:36:56.000000',6,'0f9a2a3762844958b2a2f54d5f1af106'),(139,'eyJ0eXAiOiJKV1QiLCJhbGciOiJSUzI1NiJ9.eyJ0b2tlbl90eXBlIjoicmVmcmVzaCIsImV4cCI6MTc0NTAxMTk5NCwiaWF0IjoxNzQ0NzUyNzk0LCJqdGkiOiJiNTI1ZjUwMGYyZTA0OWVjYWZiYzJkODdiZDE1NDhkNyIsInVzZXJfaWQiOjZ9.WEncU0m_ABAfpGZSHaLuDfAtJLBL45fYA4wB6vH3VNsERfUpsc-R0KNF3e_7nO91_UcK8gqP7hrFLizl8pGW1Rdm9lO2fk7wXsW4OzqknVXyynpfi8GM3iaQzMrbiTAjcDuJZQ9IJhyaYg3ToMC2ZeWQJEoryY9GO3lYlxp0Qdl0DrGpLEUADGesv7e7jjXnOHko2cmIOF2YGjdAggQNnUznflN4ylOgl9Ld-zePKMx7izPilZAiiKqVGY63KmLNTXFKdrQwt3TQ23BbXxhGfDXSARQAzUje8WGQGF8Wgbfz5c8fmSzGbjpMsdIrsaMdiL6wTpzn48YQ7Id6uXcgVQ','2025-04-15 21:33:14.194415','2025-04-18 21:33:14.000000',6,'b525f500f2e049ecafbc2d87bd1548d7'),(140,'eyJ0eXAiOiJKV1QiLCJhbGciOiJSUzI1NiJ9.eyJ0b2tlbl90eXBlIjoicmVmcmVzaCIsImV4cCI6MTc0NTAxMzA1MywiaWF0IjoxNzQ0NzUzODUzLCJqdGkiOiJhNTEyZjAxNzZlM2U0MTYxYTcxZWRjNGY1ZGU1ZmU4MSIsInVzZXJfaWQiOjZ9.mDYtJ-pgUlQYoiR8hnvzGdxXFvLWuAqarWIYtpei_2Pk2_qY9qKBgYbbwjNye1FBvx1A5YK7q2cngJD88JwxdF0yxnR3xz-ElWUygIZHcU4AqgkVQnUSxNl7rVRSRkBMWyqubnjcPeUNyzP1EsnshlakPSIVtvYx_H9_H7Hb9kvvW6i7zwyoDR0Q4HsL8FPccFckD9oVrrpnOzod-zlolFxOdegsOiLNsdr0jA4jViJO-sT1YGc-i3aTf0v2dSCMJo9iZSjyvrhibwsaShOvgW9EaDafIdiJkAMtQE0tIcPgTtXSnqQbAVmqd0Il3OgqI0b_31Q7IgL9Y1Nrzse2Dw','2025-04-15 21:50:53.912368','2025-04-18 21:50:53.000000',6,'a512f0176e3e4161a71edc4f5de5fe81'),(141,'eyJ0eXAiOiJKV1QiLCJhbGciOiJSUzI1NiJ9.eyJ0b2tlbl90eXBlIjoicmVmcmVzaCIsImV4cCI6MTc0NTAxMzA1MywiaWF0IjoxNzQ0NzUzODUzLCJqdGkiOiJjZjg3MzdiNjVlMjM0NTU2YWUxYjE2MzRjMzgxMTBjNCIsInVzZXJfaWQiOjZ9.Lj2Qi6tPs385wgNdlFbL-pfLRkBX0xEnQSd5-stNoq3RcsTDiwjCh2lcizbHHNuh9nDJcrF1pTVzvS-m_75REFDDOzXkpZFT4UXD-qWh_zoojModSM0zSBV0jAxC4Z7svANxzAwEmVQs1Jgyoi5q2sz2jMUpJiXrfWHZ7qUVvjv4MYHifZkfJYl-OzvD9BhG02nTCj6laWyW4CNlm3uDlH7wE-CXL8LCwXG0qOqSmzljQl2vEDNrAQZDeh_G3WlvcoRE_mEvHZCCyx16p-rtWMl4gWGB7SSqmcawd4K8Shqqxq7ECipQdbar5wUppextqq_NB5dTglf1VZA8XSza0w','2025-04-15 21:50:53.911994','2025-04-18 21:50:53.000000',6,'cf8737b65e234556ae1b1634c38110c4'),(142,'eyJ0eXAiOiJKV1QiLCJhbGciOiJSUzI1NiJ9.eyJ0b2tlbl90eXBlIjoicmVmcmVzaCIsImV4cCI6MTc0NTAxMzA1MywiaWF0IjoxNzQ0NzUzODUzLCJqdGkiOiI0ZGNjZjA1OGE1ZTE0ZDg3ODE1OGI3YTljZTIwZjVjYiIsInVzZXJfaWQiOjZ9.QCTHY9pcnF6NeSVKS2YJ6vTUvBw5tWxB36JMn2zZK7ayXkYUZ98uY46-7_6pBELBEhdsx5XsDLwmDcB9u0B4_YdnfirfmmZ_QpUrqWqAmN7cdqXBQ4NCFDKqIfdLACKh9-QYghwoQxmtXznbfkzIuUg2MMtlzJpUj0VBEcTuX_L-S48ayjPl_FPSJD6TomqqjthtT04beHlrcYQdBRn3nsD7mr1mXg26q4S_L_NrqEoElEQdAVA-nosIm2JYFqF6VPsdz7I-N9kQjS2I3SzXZ-2TDxjfZCrOgBpMmBD4TKpiUF0xJqcRlp7NYcOH9EY8SUDoCINTpGOxzkPKhgnODQ','2025-04-15 21:50:53.915808','2025-04-18 21:50:53.000000',6,'4dccf058a5e14d878158b7a9ce20f5cb'),(143,'eyJ0eXAiOiJKV1QiLCJhbGciOiJSUzI1NiJ9.eyJ0b2tlbl90eXBlIjoicmVmcmVzaCIsImV4cCI6MTc0NTAxMzA1MywiaWF0IjoxNzQ0NzUzODUzLCJqdGkiOiJlNDM4M2Y4NGRjMmI0MzUyODI4OTRlNzQ4OGNhYzQ4MiIsInVzZXJfaWQiOjZ9.VL60tUH2KMPSx3e-2b3Bdx4brbWJGmR95Yt5wOm0NU_vwImDb_Ia7WWfPG2IKp39913tHkQtXBekTEgXOl7Bkvq2b4FPk8s9QHQ6EG9iXq9XLPDuFMZUKS3vEvY5xN24yn4K-z0j1mSoILliGJ1wB1FwGFyvY5k7cQs-SujW_dx3He6qT8EKcTW5euwBSFkz_oAgyGPNTqQFeLGsu_jAJlRRdBcTICmdhdmoHgTPq4e4RaiKsuRbL96wALJg626fYBhpK-E6KOxR6sd8Q0MM_d3hiPjLZInsf2b39NnoClNUS3KNN39H-q_KZoXK-ZTguddXIAApO99bOelxKqNhvw','2025-04-15 21:50:53.914609','2025-04-18 21:50:53.000000',6,'e4383f84dc2b435282894e7488cac482'),(144,'eyJ0eXAiOiJKV1QiLCJhbGciOiJSUzI1NiJ9.eyJ0b2tlbl90eXBlIjoicmVmcmVzaCIsImV4cCI6MTc0NTAxMzA1NCwiaWF0IjoxNzQ0NzUzODU0LCJqdGkiOiIwNzcyMzM0N2EzNDQ0MDVmOGNkMmE1YmUwMjNlNDlhMyIsInVzZXJfaWQiOjZ9.s6vvqZaAA_19bVRemziRIPdfOs3t-nc-qCih4T9RD5nEDElDclmXO9jHxzdSXP37sdA2Fp5PRpa4x_rzvBNAlyOnTPGaPz92dsOSzf2zJGmK2MEm7Q6c-JRQgp-I5HaELO8Pxxjjn-i4rONRkWvgtox-TW0QFbPeuux_TtXtqD3d8er9TlsBYygUHCSDwybsuwGPUrAxvDQeRw_y_ad3HwWFWfvtDt9WqyFG3OXuTYl75PIQPHexvBvERr_PK_5HLA8ItebgQcm_4ZzUiHoHqoVYU3zoaqrBtoxRmK9q34lmbQavJqhaGBmuzedesPQmfZaN6ALBIiez-i2cn5wBXA','2025-04-15 21:50:54.018397','2025-04-18 21:50:54.000000',6,'07723347a344405f8cd2a5be023e49a3'),(145,'eyJ0eXAiOiJKV1QiLCJhbGciOiJSUzI1NiJ9.eyJ0b2tlbl90eXBlIjoicmVmcmVzaCIsImV4cCI6MTc0NTAxMzA1MywiaWF0IjoxNzQ0NzUzODUzLCJqdGkiOiI5YTZjYzgyYTEwNWQ0MGJiYTViM2ZkOWJiMjFhZTA1MiIsInVzZXJfaWQiOjZ9.NPo-9JyCwWgc_ghtl6h4LW4KdkRGDF_lw4qimQcnUoURzxTyUntO61PRWUjKaKRiwvZq_VLt-vDsQP-aUcJ-EvGGNaCVJwIl9XDUVFnsbF3JHz5egVdix-mJa-3Exxo_jxvSKp2ZtFp2MEV_uAIw3ivm9_IFAopusi2adX6JkDxw3MPBbOXRklLVD-ePgeEMq09GngcL78_Q_0AIdddl0eXGoGKiUAge4OtdUxXrSyBI4N61lvW8kpFO3QfeZN-Sn1msAZIVesGy8TIDgyLuEREngegAuJ_7uMkXX4bZP_QpsAsRc4-sIEfy8k9dbCoKMuac7gz-5dkbbjKONsGKwg','2025-04-15 21:50:53.978439','2025-04-18 21:50:53.000000',6,'9a6cc82a105d40bba5b3fd9bb21ae052'),(146,'eyJ0eXAiOiJKV1QiLCJhbGciOiJSUzI1NiJ9.eyJ0b2tlbl90eXBlIjoicmVmcmVzaCIsImV4cCI6MTc0NTAxMzA1MywiaWF0IjoxNzQ0NzUzODUzLCJqdGkiOiI4NWE3MDZiMjRiYjY0YTk0OGUwYmM0YmUwNDNiY2M4NyIsInVzZXJfaWQiOjZ9.AgtzfbUpxJNJzt-RtKWBTQO-3ZHkvmMmGKRWE4eBF2w2blsWoyAW-mMc9YD1fcFnGk-7Jhw7sihoLp7Ek4rmj_8G-6umLeihoKvB6Dwn7CxE7VjZ8tKmWC0SBR97I9BO_caPeeR-b3LK6qj4_hJG6eGVmUdeagXj1cI-TspBYch4BpmAZ9nvDCy0Ougkx24Ua7U8snnlrYygkm8vBnDzeTqYMpf2uEqyMosRLSA4RTxUqcgobziMBj7wJlvsJoXoTAOvMY0RkFWBg6EF12MS-YRbI5gTJ2GYM8rSWApuSVnQbThA05-Jdf3tMzQYQtaDTqNAeHZODtN_BiNKIRDviA','2025-04-15 21:50:53.992553','2025-04-18 21:50:53.000000',6,'85a706b24bb64a948e0bc4be043bcc87'),(147,'eyJ0eXAiOiJKV1QiLCJhbGciOiJSUzI1NiJ9.eyJ0b2tlbl90eXBlIjoicmVmcmVzaCIsImV4cCI6MTc0NTAxMzYxOSwiaWF0IjoxNzQ0NzU0NDE5LCJqdGkiOiI0MjE0NzQ3MTVjOTY0ODU3YjdiZDEwMDJlMjU3ZTQ2ZCIsInVzZXJfaWQiOjZ9.flVZGSWhPyXOaRYG3eg93bhW5E6Qj2maUtFwSMEK613-948oEbZ2Rk00p3DdXAcN9mIaMC-B1JNRST0yIsVRVwG7AdVx9JK3HcpoHxyLjvDW00z83lpFMut8Pzw3eGTLMXa4CTzU4bPHeLg7tiXsCTRbc5kAQqxxNICnKkVg0pT_X7CUbYcYcwK6YilCQS7PUu3db1wfhbt2_XKEZYQqRHiueuXtkqv6u6JP7F_bnlJc8VZ09jp5niD0d_k7J6_FCt6_6g6pAV-m7L91Oylkhg5S0VP7owKaWLUD86bg6L8yWm3HM0_QOXbnZvimXHCWcvCsdUpFg-eSZ7A-R_bizQ','2025-04-15 22:00:19.686009','2025-04-18 22:00:19.000000',6,'421474715c964857b7bd1002e257e46d'),(148,'eyJ0eXAiOiJKV1QiLCJhbGciOiJSUzI1NiJ9.eyJ0b2tlbl90eXBlIjoicmVmcmVzaCIsImV4cCI6MTc0NTAxODY5NywiaWF0IjoxNzQ0NzU5NDk3LCJqdGkiOiI2OWMyMzZkZTI1Yzg0ZmUwYjA1YmFiMjQ4N2VhYWJiMSIsInVzZXJfaWQiOjZ9.GeoRm1Bfzn2bAJodwvngdwPvPN4tFWsAv96HtxHp_MyvtYikFb6pyy2LJPGjk3qg1lGtQHEyqgLeo0GSgYdaujG_DM_qiMrVaH5sDynrXOJOTbT1Q_MRLDp5-ILEf2-sNVSinmnFOOOuJv8Nm8eVGRU4pW4qNgPtYzCYNC1RtHnMavsssZKpqw-XOCVeIFU25KDUDzckdsnO25-xRHXZ6hSUYCjWJAzZgJUVV5ahNuFm3F2ZhRrC4nsc6QR59V8enXcZ5Fl2Znut7M6VXFEsuPH4nkRD2qFXnXJU3mAYWYcKjDpffdVoaEBZl8euzW6LfIjVFQ9HJiTpENy97L9rsg','2025-04-15 23:24:57.771151','2025-04-18 23:24:57.000000',6,'69c236de25c84fe0b05bab2487eaabb1'),(149,'eyJ0eXAiOiJKV1QiLCJhbGciOiJSUzI1NiJ9.eyJ0b2tlbl90eXBlIjoicmVmcmVzaCIsImV4cCI6MTc0NTI2Mjk2OCwiaWF0IjoxNzQ1MDAzNzY4LCJqdGkiOiI5OTQwZDg0Nzg2ZjM0OWU5YjY5OGYxNmQ0OTY3NjZlOSIsInVzZXJfaWQiOjZ9.bJzo3IJBz-BPCDjfyzdtx1KZ1DEyVdYjghBFQsETxbsogpFMxE5OCbR_QNknYQN76KJUw6USR9f0K5aV6A_P5IUDSLp7JPETmw6CZUWX2Gfm7JVqv-BxQgd9zYB58r_tCXIcAD0IGt_q791RM7PvnDNDFyTXUN1Tb0r6_tFLWV9TxHT6EBtMIVgiqDEWCcTbxDUUNV-scjEGw5XRwsruvCKz2NEBc00679tqdjBhB8u9MTRX4nkKteHf47kiNXuHIFXzYGw6TZWPySAnESWa-oX0lgeTTc2x8NVyAeV67gyVL9GH3KSfY_N_cKU31GzB2vYOY3sPmmRm9ghKgjLo6g','2025-04-18 19:16:08.584101','2025-04-21 19:16:08.000000',6,'9940d84786f349e9b698f16d496766e9'),(150,'eyJ0eXAiOiJKV1QiLCJhbGciOiJSUzI1NiJ9.eyJ0b2tlbl90eXBlIjoicmVmcmVzaCIsImV4cCI6MTc0NTI2MzIzNiwiaWF0IjoxNzQ1MDA0MDM2LCJqdGkiOiI0ZTY2N2Q1OGRhNTA0NGU1YTI4YTY1M2YxMjdlZWIzNCIsInVzZXJfaWQiOjZ9.ZTjeEEYtKLpRFtHekQmaxJKqd8K8IAy5fK5-cGoQ9ok15dVCDqQaEiwSgtU6ajWLWfwZH97x8Y7sxGAv95PZDxj3f64AgbPKphxUlh2c66RiVB-duv6JONIFevvjFPQDMePhhua_Swkn3PnHCEyz-a5ChEPt9-CLyY9iPhLjur7Xd97R7659CfQnh0kG3LlIW_MCGVyCCfoW3Gz_24UOihR46oAOJV-Ur6_vcgbRAQPIFRzHddNxCAyHP7ffd9balfdc9tRqZcTGNjz-d57oKdckBVzEbhgnFIC6YwhB5BNip8fkmbV7Q5G7wFYN2BZpT3WMdIMZYfPJ8LO8X8Unbg','2025-04-18 19:20:36.216296','2025-04-21 19:20:36.000000',6,'4e667d58da5044e5a28a653f127eeb34'),(151,'eyJ0eXAiOiJKV1QiLCJhbGciOiJSUzI1NiJ9.eyJ0b2tlbl90eXBlIjoicmVmcmVzaCIsImV4cCI6MTc0NTI2MzY2NywiaWF0IjoxNzQ1MDA0NDY3LCJqdGkiOiJkYWFhYjhkNzllNWQ0Zjg3ODg0MmYwYjhkOTU3NGRmMCIsInVzZXJfaWQiOjZ9.iPuQQokbgem5ass-nP68NCnWlBQVLQ6rzsyt9G_kL0b9J2ZKIeYzLvWUx3NgWU5IQv2gC8HrWZW3FjlzCrOj71Q5NrrZ_PTaMgR4MQEVJvQ3TemAI5xF_VcR6_Xwj7D9js3R2KlNyiLWgiHSiAFOYVNIqylerpSEaWBJK3lcb4-Ig6PDYe8ll10zDm8RqCsL2_AYezTwzFH3v2IAUvRnp6m7G7QxUxZF5INyFKZj1YoFLxb2sGOKXvT0wtnVtb764wRrL9Mr6JMVlq2S4XHhiBRcF5ij68NggUNQwhyCxYF1z7FZMtTNifMwWigunf5sU_n7AcZjZZ1ElddTztTNfA','2025-04-18 19:27:47.834372','2025-04-21 19:27:47.000000',6,'daaab8d79e5d4f878842f0b8d9574df0'),(152,'eyJ0eXAiOiJKV1QiLCJhbGciOiJSUzI1NiJ9.eyJ0b2tlbl90eXBlIjoicmVmcmVzaCIsImV4cCI6MTc0NTI2Mzg2NSwiaWF0IjoxNzQ1MDA0NjY1LCJqdGkiOiIxZGRlMmFiNGUwMWM0NzJlOWI2MjhjYjk0NWE3MWI0NiIsInVzZXJfaWQiOjZ9.O6dMzCwiBsl4m3sox76t3yvhZLND9L5vLS1HyUOeX4BzumiOOJGQtWnyN2CNrPIojs0AAif3GOiQZsKGVlczYkUSL56PCpHw84OEcEfjrbDov5felHo4p5n6yzVEk5ssQapRn0idA3PlKAM9K8ZzXlQeTcWyxxDsRzIoYInq-DjHjYMG-66Mxbms9QodHOzSWZR3QTXoSyQFMjfcY9wIqlbY-52XsVxPieORUeE-3X8H8RALXCpCLBgni5cov5KbejD6M3HX7b_3t3imAsKGpns9URrEqiqfVTGsWKE8YthB69E7GIEz3npKz7EWj1Xb8k1mbnx-sQQse4xOwycTLQ','2025-04-18 19:31:05.445594','2025-04-21 19:31:05.000000',6,'1dde2ab4e01c472e9b628cb945a71b46'),(153,'eyJ0eXAiOiJKV1QiLCJhbGciOiJSUzI1NiJ9.eyJ0b2tlbl90eXBlIjoicmVmcmVzaCIsImV4cCI6MTc0NTQyNDM3NiwiaWF0IjoxNzQ1MTY1MTc2LCJqdGkiOiI1NjRmYjE5MzE5ODg0NmU4YWU5OGRmZjBjYWQ0MjBkNSIsInVzZXJfaWQiOjZ9.AiqPRw1-cffZFTEOuZ712kbmvm4uTQzLijsMQqIWwSD6wZcqy7o-QwToguHlQQ8Xe1qGq-S2UZZI7z_VeSQUf0w1SrLIi-0D4b7jCJ3D5NJ2hblmknxyh6uh047BO7LhS0HtxX6v6GADwQip1tb507U2Kjyye5luNXTZgWuQO4h14Hly1XJLEGX8H-UQ5eCefCUhdUKDGfyM0SBZSe6SJ-F71lzKqSssA-6ved4DAgCY6UzLmg-9i6kHVX-UIrvmgDh4X1eqFyJWKlkX57s7GyMENUJcpc1GVCF13dAEqNvTBZ96RxE9y2KijdQVDBknKIfaUAQ8SUOP41Z9pilB1g','2025-04-20 16:06:16.381838','2025-04-23 16:06:16.000000',6,'564fb193198846e8ae98dff0cad420d5'),(154,'eyJ0eXAiOiJKV1QiLCJhbGciOiJSUzI1NiJ9.eyJ0b2tlbl90eXBlIjoicmVmcmVzaCIsImV4cCI6MTc0NTQyNjg2MywiaWF0IjoxNzQ1MTY3NjYzLCJqdGkiOiIzMmExNjM5NzI4OTQ0ZjU0YmRmMWFkMjU1Nzc0OTc2OSIsInVzZXJfaWQiOjZ9.Cdv7C-JGgeRib5EcniU_dF_aeihZ11yJ4Ji_L7J1SwlYxbudWWH9zy3Hs1MWNQrjD8Z1DDZS5AhqF1ogOiafwRfLbSPXJ6UClsYETvhUUd6XYAO8KFRzF6-lG75Y7xoHspEMlSPNKGwyrsbT8va_JKU_1kKTYDVePPkj6z5F8wuJnpuQRbUIVfcWG22pqtPgsFJXXu_nseALhUUNwh8mtxHcej5-QDBUtaXRVGoYh0C--Ye0qaJ7TIbBLnk8lMMd-pveFuszMyC5Pynwaj7P5pMiSb-1XuAZ0s4oagMe2GdyYl__e0ukDCW91rUUOPqEzlfNAZQ-5pVKf4KyAougtg','2025-04-20 16:47:43.713206','2025-04-23 16:47:43.000000',6,'32a1639728944f54bdf1ad2557749769'),(155,'eyJ0eXAiOiJKV1QiLCJhbGciOiJSUzI1NiJ9.eyJ0b2tlbl90eXBlIjoicmVmcmVzaCIsImV4cCI6MTc0NTQyNjg2MywiaWF0IjoxNzQ1MTY3NjYzLCJqdGkiOiIwODMwZGM2ZTg2Njc0NDc5ODAyOTkyOGQ1YzQyNDM1YyIsInVzZXJfaWQiOjZ9.xRtX6y6YkroJngky8YQkE9eLwY7UIW824bJGzlgX6v7zX5-3r6mtKJGjJ0_zUTdsa2CwZ6HjFMi1RDXAb9_jkAzJPex-TfJiC-y4reb6pJ79w0tJm1PDsH78yeYdSA-vqKuKsr5Wh4p1oPdehcxEpVCSuYyRAPaf408bqpPhX3YmBuT8fjRCbLsAEtrFHLG-QRf5kSbY-JkDedV6uiPASLl7pLdWfAk9ncSPPRMXbk9aKjqH_6lMSUSbomZmswwNIiFbO1ck9ajnztvAmn4XtSmANuJau6gTM3NwwyH7uCcEx1bxEssAJCjEwqk6Xuqu5UksRkHeW73e90XVYFrSGg','2025-04-20 16:47:43.706724','2025-04-23 16:47:43.000000',6,'0830dc6e866744798029928d5c42435c'),(156,'eyJ0eXAiOiJKV1QiLCJhbGciOiJSUzI1NiJ9.eyJ0b2tlbl90eXBlIjoicmVmcmVzaCIsImV4cCI6MTc0NTQyNjg2MywiaWF0IjoxNzQ1MTY3NjYzLCJqdGkiOiIyYjYzMzhmZWNiMmY0NDQ4OWI1ZmEzOWJhZTJhOTViNSIsInVzZXJfaWQiOjZ9.wp6D6G9BADQsXqCktRybefdYLoqvjK5BLgrMJDstCXNJLlU8ePLKKpQSfEtRMLHGCiknP94pU71st7DCAY_rCRoUoQiWWsnKHpKVLt7iVXMJBBg-oRW54BIOoPWR8gYly7ZJ4v6G75OIChsCCxSK3uae9lRqFoBQ782O2H9D392cH-Orh8L2-Mgl7ftyOWsZn77poGnNruGEchO8MQXauYZpLOzJvO1OVLCHFLc2Gyt0eBqf_0Qg4JEmtH4AVlpouYTY6_ry8_Clf-9TLkE_-IEdb13A0rjrqtrl9AD2TTuqO1uhNizhDmZs_t81yqsUXLGed1sKiftl8CiDdbV7yA','2025-04-20 16:47:43.707416','2025-04-23 16:47:43.000000',6,'2b6338fecb2f44489b5fa39bae2a95b5'),(157,'eyJ0eXAiOiJKV1QiLCJhbGciOiJSUzI1NiJ9.eyJ0b2tlbl90eXBlIjoicmVmcmVzaCIsImV4cCI6MTc0NTQyNjg2MywiaWF0IjoxNzQ1MTY3NjYzLCJqdGkiOiJlOTE2ZDc0ZjNhN2U0MjZhYTQ0YmFmODZiYWYyYzNjOCIsInVzZXJfaWQiOjZ9.o6wsl5BpjC-uKJAjm_40YfWSu4ZwFHS5LBNTrClBVepUh6d2RH0DUqRYO2poSWMJoZGI8UtIPcril0mdrMYRuQQQj0UnTaoAc_9PeZGtTVKhKGUs5SfycgeVn8yC1eA-3N5zJJ9UgEudpuHb4LoouEoOfnhXS-QPRGCVhL1rJc78IJUXuwUo_U_LYqXMbNdg-wQgTgCeFReawtOvS8OEZAVcRMPT3H-xRfh5aCYGTDxAek3nM9RWyOBmQwPW-IDSG8AZz5tNzsFqjElu_VNtJK9012hk_zGPPWbJM48uzuBocyri7B3gw-IyVxIm9_mvVA6F132NY54xthsBFBiyNw','2025-04-20 16:47:43.709514','2025-04-23 16:47:43.000000',6,'e916d74f3a7e426aa44baf86baf2c3c8'),(158,'eyJ0eXAiOiJKV1QiLCJhbGciOiJSUzI1NiJ9.eyJ0b2tlbl90eXBlIjoicmVmcmVzaCIsImV4cCI6MTc0NTQyOTIxNywiaWF0IjoxNzQ1MTcwMDE3LCJqdGkiOiIwMjQyOTkwMGZjMDE0YTQwOTU5ZDc5OGI4Zjg4MWNhMSIsInVzZXJfaWQiOjZ9.yOjGA7jItjRqDBl0c9ZKGb3gtG-Yi10WqC8ktNl2ZC6l2bZGY8bp_LwXIjBWyKutYlhAx8CRqJehhiFz9y1PfVPxDfEElrNz9hIxwrwB7ueItTE32D_Edi63ZfOtzejMBMv5DKVIG_M0OTmvKxaN9I7O6gH-xyZjNfgWVpRDvtOGzaCE7wc2Ssa715Xd3V7adHh8qOYRlLRDZiyU_OkznQxFER7w7COM914JwWehpHnT_dcY_iJOubrdXGV30e_uLvF1sKFlx9ztxK41dLM2mzowmSkqr9NoPO9rWLWK6sxAhdzfzNYdSfShKg1SLWZHPZvXXLVEqE9BZBfOXMZNtQ','2025-04-20 17:26:57.261662','2025-04-23 17:26:57.000000',6,'02429900fc014a40959d798b8f881ca1'),(159,'eyJ0eXAiOiJKV1QiLCJhbGciOiJSUzI1NiJ9.eyJ0b2tlbl90eXBlIjoicmVmcmVzaCIsImV4cCI6MTc0NTYxMzM5OCwiaWF0IjoxNzQ1MzU0MTk4LCJqdGkiOiIyMmY0NTAyNWRhYzQ0YjUyYTY5YjlkNTJiNzkyYWQ5MSIsInVzZXJfaWQiOjZ9.qFEmi6baN1MizH2TQM15yNFjCd5a_otm3XA1TD1i3S13rBv2jmsU2DJsPpjOIJ1FuyDbG-rF9-mPLtfukRUGELsvZQopUO9Sg6hrOJwpPZkeVAklFgiZ5t51kDa0_gMKGjmw_4rRDWIJmm_KkyEsPcQ5cLsSDeBNvOh9AZlbH6mzYo7si6FCsRjKKPQzQxQtSEnVtUwBe-9UQWdWH6md7PXvi79TZyJwOVXzpZAsemwhyLRNqbuSnl9lbta67Lh1IAB02XJEt4lB3Y3DEl5iuDRK-Uo1zPHMvGb28cFfU13Mnt8dboj_rqdlq9il9kRYgf26hhxC72dkC6hatU8idA','2025-04-22 20:36:38.968233','2025-04-25 20:36:38.000000',6,'22f45025dac44b52a69b9d52b792ad91'),(160,'eyJ0eXAiOiJKV1QiLCJhbGciOiJSUzI1NiJ9.eyJ0b2tlbl90eXBlIjoicmVmcmVzaCIsImV4cCI6MTc0NTYxNDc5OCwiaWF0IjoxNzQ1MzU1NTk4LCJqdGkiOiIxNjM2NDcwNGEzY2I0ZTFhOTVlNGI5MTViMTg1ZjZkYyIsInVzZXJfaWQiOjZ9.EvYB68-g_E91cEIQTirD6Sc1JVAvXRR-WTjoDJZJS5C49o5DH_rqyD7HI38VIQ_TdgcINU8OS1JpAcOYZunQKjum9epWEIJQpTu6yfUo9GCxvgmUZeNnwxNUU2Ve8xM-KdBeHmoLmnZ6hQG5iKOnqHzZ0D1YMSASAV3eK0w7VkNKsGGgFKcLxnWJyv-hJnI-0Q_7qPw5bov0k7WMFk4_HRXvsYvOS0X7dq94Pc4XH8-vV5XGSuh4iq6WtOvqAQlShw2AqE4WA6mJj0aSrMIKOqXQxy6R_HJPmKWJY-zRnnC8LKzGmb09IFLIf98FpWN3EqC4abAszrbZxNXFJn8v8g','2025-04-22 20:59:58.639846','2025-04-25 20:59:58.000000',6,'16364704a3cb4e1a95e4b915b185f6dc'),(161,'eyJ0eXAiOiJKV1QiLCJhbGciOiJSUzI1NiJ9.eyJ0b2tlbl90eXBlIjoicmVmcmVzaCIsImV4cCI6MTc0NTYxNTg3MCwiaWF0IjoxNzQ1MzU2NjcwLCJqdGkiOiIxNjlhNGU2MTI5NWM0ZWJmOWE4NTVkZWNjMjcwZjcyMCIsInVzZXJfaWQiOjZ9.N3CEyIKbUAXFwwD5J45snsfIj-QvpAh5rB8IJV8el0Dwgb132gKrPX9Af1bReymkihIGpMbDSNjOpBIm1TcHMpQUk9CE098Mu_0MNOleBUyeG4zcYJwGL70ujTLtcFCDr6Zo_-9gxuuAfjjuMHdxK6x8F3Avz6l_V9wVvcPhsBU40piUU7GevP2NK_NhC1hrhS8hmnMSEdQ2jMEzCwNEIbznnxE_kybu88vCLF3DfNWQUtXof7qQc6dK1YiFdfR7s24pbboXCjWIWL1AHlnk892Q7TGR-Ncxr9E-1ls8m3Vn22txPk2OffHCXR2xq6-2Vry54SN0jVJdhGYTnN20DQ','2025-04-22 21:17:50.692469','2025-04-25 21:17:50.000000',6,'169a4e61295c4ebf9a855decc270f720'),(162,'eyJ0eXAiOiJKV1QiLCJhbGciOiJSUzI1NiJ9.eyJ0b2tlbl90eXBlIjoicmVmcmVzaCIsImV4cCI6MTc0NTcwNjIyMiwiaWF0IjoxNzQ1NDQ3MDIyLCJqdGkiOiJiZTFhYTM3NTQ3Zjk0N2E0OTNkMjU0ZjM4NjEwZGU1MiIsInVzZXJfaWQiOjZ9.3E8MP6dtQM3iB2QE2rxMsAvkLPMsZp5N1iXwoFkbcHLUciSPe-VCHvVOuEqN_4mK4U2rXtnIhhnuZVC51TbRMuR7VB4tm4uaXvUZJh101WHiiVSl-PnBwL4wdJXtLx4RMPQ5regQ-Nq2zPJqoGgMDOLdX9q1Iqfvm0WkFbI7pIGAHdfkVj4vCciz09jYN_gV-gOo_nIy3bi80rwNSQa8j06N-9Y0AuzWWdJ2XmPaqJ6Jp2z7kc15shXJiwMKiiiYdPzRGYaIdqDkzcX4rZnquZHB2UhogTwg2ruo5SD-5nFBtn8hJqTdTU8wmo28DX6MJ8obG7RiHZ4j8SBzV8eBOQ','2025-04-23 22:23:42.747348','2025-04-26 22:23:42.000000',6,'be1aa37547f947a493d254f38610de52'),(163,'eyJ0eXAiOiJKV1QiLCJhbGciOiJSUzI1NiJ9.eyJ0b2tlbl90eXBlIjoicmVmcmVzaCIsImV4cCI6MTc0NjI5NzAxMCwiaWF0IjoxNzQ2MDM3ODEwLCJqdGkiOiJjZTdiY2U1YjAyZTA0MTYxYjkzZjRhNjhmNTFmNDVlYyIsInVzZXJfaWQiOjZ9.xP6WBOKCAyQYzRAUUyMVItgPwKxRDR1HDIcfL1rplUgOf1eAGKnN_Edb6mSOcp0XrltkFfPPKCsAM06EaAcWWbfB1DLr1s6XNsIa-ysWSk58ol0aA-oJ-jIaRhtDWDekW9pao881PNc5KTHQv4wDierXxPxsQq9TiVxK5Sd8nvgIXnsaR1CQ3Gy8gKhR5mcT0vgLhPT-gitEHyooeoNQZkbG3xlpZaw7bgWHyRgHlkUGklsUIQKIsqHlbjCijVfRXU9oe21NmdcODpgss5eVeF-_qIrQ07Hd0tE4Htx7F203111vSYWYbW6bJqSYK_2VYvoCZgVUQb8hJ3dYJR0jng','2025-04-30 18:30:10.040559','2025-05-03 18:30:10.000000',6,'ce7bce5b02e04161b93f4a68f51f45ec'),(164,'eyJ0eXAiOiJKV1QiLCJhbGciOiJSUzI1NiJ9.eyJ0b2tlbl90eXBlIjoicmVmcmVzaCIsImV4cCI6MTc0NjI5NzIxNiwiaWF0IjoxNzQ2MDM4MDE2LCJqdGkiOiJiYTNmOGY3YWU0NzE0YWNlODcxYzE0YjI0MzNkNGQzZSIsInVzZXJfaWQiOjZ9.FAj6vHu8AEcIzawZPuD8PT2ENy3C8Ya2DCsylRkGw9uo8uyIyJdvY4h3S5k9GgqDPY1xGpMMjLvkuLXsWY8SJ0sM5ARVyjuhQFA6zA98seZdN2QeZQ16W8UxTuQjU7hJ3IFT0-UFeUJnqJQNwklzeeVfGBANF3jYFH3gWsBZKyU0nZ7gHXNd1SKFSQLkUen34VnpK5jJiiTX7es1Qrd-3d9C6I6aDTOTHk2zCsldmi1GrJNcR8QrrZvCXvK395Pwb71fX4N3alySKzWprfajRjWHR3qhjoAgBWM03BCUJz3xvA7QHEqEuSPCqm7Nzvv0RzqyQe_RQJbTswTN_38nYA','2025-04-30 18:33:36.609249','2025-05-03 18:33:36.000000',6,'ba3f8f7ae4714ace871c14b2433d4d3e'),(165,'eyJ0eXAiOiJKV1QiLCJhbGciOiJSUzI1NiJ9.eyJ0b2tlbl90eXBlIjoicmVmcmVzaCIsImV4cCI6MTc0NjMwMTc1NywiaWF0IjoxNzQ2MDQyNTU3LCJqdGkiOiJmZTU0MmQyOWU3ZjE0ZjExOTNkZThmM2RjMzc1ZWNkMyIsInVzZXJfaWQiOjZ9.bl8zJZcG669oTEbo5Jn2gFg3IbhjP50Fg74zeDUenOVEQG1Q8D18LKgqAaLOTeybNFBWerQF4DbWDs_lGSnKtRkoqCvsJIilYgi52TYh2JCmAVBxdrwO53vnyji7LXU5vpv1S6dFUC3UdPW3BlQz_y69j75-J-0wFHeDi73zL3_kKOj4pKPmf8zooDS2IbjnZhcNlXWgSVOkXDD3383TTAfjJloiZWyM0guXhJj8ENV4wtZIHUWBhy2f40ohrPVMBfrc03psBC2fUtCnyep4hfOQPv3UKNp9h5xyLfcOparpkE9tvwE0naUOBAoWSrJyvVShc1Af6kYdkXU6qse-2w','2025-04-30 19:49:17.543624','2025-05-03 19:49:17.000000',6,'fe542d29e7f14f1193de8f3dc375ecd3'),(166,'eyJ0eXAiOiJKV1QiLCJhbGciOiJSUzI1NiJ9.eyJ0b2tlbl90eXBlIjoicmVmcmVzaCIsImV4cCI6MTc0NjMwMjA5NiwiaWF0IjoxNzQ2MDQyODk2LCJqdGkiOiJkNDJkNDkxNmFlZTQ0YzdkYjUyNWQxM2JkN2NhMmU2ZCIsInVzZXJfaWQiOjZ9.plqewyvxcIHUOP1ivQFHF1o4IvI_z26h310IuHOAF79iDA5QOYuP5f0Jg0X8gc_PwKs4XpJYYsAkJ9vjc_SQqfgSUOEr81Ck5xirZbxbuZYal71-GUcqP1V-tT6sW4k9GO8HVc-KPAMQOlE6Xbl2Y5rqUbRcTxa_gNZiGRoB8gzf3DLPc0FTvbTFSWAU5vfJoSSSs65w0mcdKIyG_m0DI5gJE8FVgvvS5iPD-6j6BcAZ6WoZwh0hL0-UkBAvLSgV3g-uvqMw6h_qXFWEIwm0wl0Z6z_2PAJKM3u5H_AvXLSKfWQrJKNU4Ff70HJyexWBKm_U-lSJ3YHF0O-32Q_zpg','2025-04-30 19:54:56.965332','2025-05-03 19:54:56.000000',6,'d42d4916aee44c7db525d13bd7ca2e6d');
/*!40000 ALTER TABLE `token_blacklist_outstandingtoken` ENABLE KEYS */;
UNLOCK TABLES;

--
-- Table structure for table `user_management_customuser`
--

DROP TABLE IF EXISTS `user_management_customuser`;
/*!40101 SET @saved_cs_client     = @@character_set_client */;
/*!50503 SET character_set_client = utf8mb4 */;
CREATE TABLE `user_management_customuser` (
  `id` bigint NOT NULL AUTO_INCREMENT,
  `password` varchar(128) COLLATE utf8mb4_unicode_ci NOT NULL,
  `last_login` datetime(6) DEFAULT NULL,
  `is_superuser` tinyint(1) NOT NULL,
  `email` varchar(254) COLLATE utf8mb4_unicode_ci NOT NULL,
  `username` varchar(50) COLLATE utf8mb4_unicode_ci NOT NULL,
  `first_name` varchar(30) COLLATE utf8mb4_unicode_ci NOT NULL,
  `last_name` varchar(30) COLLATE utf8mb4_unicode_ci NOT NULL,
  `is_active` tinyint(1) NOT NULL,
  `is_staff` tinyint(1) NOT NULL,
  PRIMARY KEY (`id`),
  UNIQUE KEY `email` (`email`),
  UNIQUE KEY `username` (`username`)
) ENGINE=InnoDB AUTO_INCREMENT=7 DEFAULT CHARSET=utf8mb4 COLLATE=utf8mb4_unicode_ci;
/*!40101 SET character_set_client = @saved_cs_client */;

--
-- Dumping data for table `user_management_customuser`
--

LOCK TABLES `user_management_customuser` WRITE;
/*!40000 ALTER TABLE `user_management_customuser` DISABLE KEYS */;
INSERT INTO `user_management_customuser` VALUES (1,'pbkdf2_sha256$870000$TXwHrqZIFuwwzUd4HVTb0c$T2mF2qHfQeRNFAETIrONjhbIvt2mPLzyZvguJ2y5JFE=','2025-03-27 23:26:26.430206',1,'sarcia.fojt@gmail.com','sarek','Sara','Fojt',1,1),(2,'pbkdf2_sha256$870000$ugwfvW3TCvoI9p1hiLPXRR$swsFIH0seHlFryIS97rqknetF8keXGjYCuiSU6Tzguc=',NULL,0,'test@gmail.com','test','','',1,1),(3,'pbkdf2_sha256$870000$a5S9oroqqbwqnTV7HgJtFZ$05pwkqQnc7+hmH9XKEtNONA3+jnQV3dkLH1diPMjcao=',NULL,0,'test1@wp.pl','test1','','',1,1),(4,'pbkdf2_sha256$870000$wNefEmPboQBCvySt5VdYd5$2rukj7Up8ggFObnncMVf2s+uE2x+rMfsVkbyCBwF71A=',NULL,0,'test3@test.pl','test3','','',1,1),(5,'pbkdf2_sha256$870000$d5x5OwPr2TVzT2iSiLomCI$cnf5eR+R2h/xZxsN76unuDI85CB2uzyWZLZlvdCbcAQ=',NULL,0,'test4@test.pl','test4','','',1,1),(6,'pbkdf2_sha256$870000$Qm6zdYIwin6FZJlhlSuAxw$d12nqsnvmz7vG0Qrn0ku6xznvp4z5AXtfo3x1WqkNbM=',NULL,0,'testtoken@test.pl','testtoken','','',1,1);
/*!40000 ALTER TABLE `user_management_customuser` ENABLE KEYS */;
UNLOCK TABLES;

--
-- Table structure for table `user_management_customuser_groups`
--

DROP TABLE IF EXISTS `user_management_customuser_groups`;
/*!40101 SET @saved_cs_client     = @@character_set_client */;
/*!50503 SET character_set_client = utf8mb4 */;
CREATE TABLE `user_management_customuser_groups` (
  `id` bigint NOT NULL AUTO_INCREMENT,
  `customuser_id` bigint NOT NULL,
  `group_id` int NOT NULL,
  PRIMARY KEY (`id`),
  UNIQUE KEY `user_management_customus_customuser_id_group_id_5c501b9c_uniq` (`customuser_id`,`group_id`),
  KEY `user_management_cust_group_id_89c2ce00_fk_auth_grou` (`group_id`),
  CONSTRAINT `user_management_cust_customuser_id_66e96b95_fk_user_mana` FOREIGN KEY (`customuser_id`) REFERENCES `user_management_customuser` (`id`),
  CONSTRAINT `user_management_cust_group_id_89c2ce00_fk_auth_grou` FOREIGN KEY (`group_id`) REFERENCES `auth_group` (`id`)
) ENGINE=InnoDB DEFAULT CHARSET=utf8mb4 COLLATE=utf8mb4_unicode_ci;
/*!40101 SET character_set_client = @saved_cs_client */;

--
-- Dumping data for table `user_management_customuser_groups`
--

LOCK TABLES `user_management_customuser_groups` WRITE;
/*!40000 ALTER TABLE `user_management_customuser_groups` DISABLE KEYS */;
/*!40000 ALTER TABLE `user_management_customuser_groups` ENABLE KEYS */;
UNLOCK TABLES;

--
-- Table structure for table `user_management_customuser_user_permissions`
--

DROP TABLE IF EXISTS `user_management_customuser_user_permissions`;
/*!40101 SET @saved_cs_client     = @@character_set_client */;
/*!50503 SET character_set_client = utf8mb4 */;
CREATE TABLE `user_management_customuser_user_permissions` (
  `id` bigint NOT NULL AUTO_INCREMENT,
  `customuser_id` bigint NOT NULL,
  `permission_id` int NOT NULL,
  PRIMARY KEY (`id`),
  UNIQUE KEY `user_management_customus_customuser_id_permission_e37ca3bb_uniq` (`customuser_id`,`permission_id`),
  KEY `user_management_cust_permission_id_6b578585_fk_auth_perm` (`permission_id`),
  CONSTRAINT `user_management_cust_customuser_id_955b4f91_fk_user_mana` FOREIGN KEY (`customuser_id`) REFERENCES `user_management_customuser` (`id`),
  CONSTRAINT `user_management_cust_permission_id_6b578585_fk_auth_perm` FOREIGN KEY (`permission_id`) REFERENCES `auth_permission` (`id`)
) ENGINE=InnoDB DEFAULT CHARSET=utf8mb4 COLLATE=utf8mb4_unicode_ci;
/*!40101 SET character_set_client = @saved_cs_client */;

--
-- Dumping data for table `user_management_customuser_user_permissions`
--

LOCK TABLES `user_management_customuser_user_permissions` WRITE;
/*!40000 ALTER TABLE `user_management_customuser_user_permissions` DISABLE KEYS */;
/*!40000 ALTER TABLE `user_management_customuser_user_permissions` ENABLE KEYS */;
UNLOCK TABLES;
/*!40103 SET TIME_ZONE=@OLD_TIME_ZONE */;

/*!40101 SET SQL_MODE=@OLD_SQL_MODE */;
/*!40014 SET FOREIGN_KEY_CHECKS=@OLD_FOREIGN_KEY_CHECKS */;
/*!40014 SET UNIQUE_CHECKS=@OLD_UNIQUE_CHECKS */;
/*!40101 SET CHARACTER_SET_CLIENT=@OLD_CHARACTER_SET_CLIENT */;
/*!40101 SET CHARACTER_SET_RESULTS=@OLD_CHARACTER_SET_RESULTS */;
/*!40101 SET COLLATION_CONNECTION=@OLD_COLLATION_CONNECTION */;
/*!40111 SET SQL_NOTES=@OLD_SQL_NOTES */;

-- Dump completed on 2025-05-02  1:05:54
